Year,Week,Date,Need States,Dc Amount,Store Amt On Hand,Factory POS,Ecomm POS (Factory $),Sales,Trade Spend
2021,1,2021-01-04,Need State 1,1445929.5,3667244.25,317435.25,3684.75,132818.25,5552
2021,1,2021-01-04,Need State 2,2405549.25,2784957.75,410931.0,11283.0,251858.25,14264
2021,1,2021-01-04,Need State 3,1618319.25,3838764.0,355992.75,11958.75,209473.5,1563
2021,1,2021-01-04,Need State 4,1271980.5,1893348.0,451255.5,14755.5,373678.5,18716
2021,1,2021-01-04,Need State 5,601577.25,1055337.75,15795.0,448.5,246819.75,5075
2021,2,2021-01-11,Need State 1,1615275.0,3622755.0,309234.75,3426.75,395708.25,18939
2021,2,2021-01-11,Need State 2,2256024.75,2885244.0,447469.5,12698.25,510633.75,12329
2021,2,2021-01-11,Need State 3,1780801.5,3921396.0,432966.0,11279.25,683112.0,8658
2021,2,2021-01-11,Need State 4,1625886.75,1880787.75,472152.75,16803.0,597628.5,8069
2021,2,2021-01-11,Need State 5,601776.75,1049389.5,11154.75,285.75,465099.75,11307
2021,3,2021-01-18,Need State 1,1389862.5,3573918.75,331149.0,4221.75,207779.25,11346
2021,3,2021-01-18,Need State 2,2183392.5,2834505.0,471435.0,18210.0,525278.25,6351
2021,3,2021-01-18,Need State 3,1665248.25,3816876.75,325530.0,9659.25,627825.75,4032
2021,3,2021-01-18,Need State 4,1413519.0,1885237.5,465115.5,16849.5,300238.5,3128
2021,3,2021-01-18,Need State 5,670983.0,1050538.5,10549.5,276.0,548790.75,6585
2021,4,2021-01-25,Need State 1,1111251.0,3528955.5,291885.0,2959.5,323169.75,4801
2021,4,2021-01-25,Need State 2,2095967.25,2806603.5,427167.0,12725.25,480166.5,14715
2021,4,2021-01-25,Need State 3,1928427.0,3752643.75,409405.5,11369.25,318566.25,13935
2021,4,2021-01-25,Need State 4,1116680.25,1901020.5,401831.25,14108.25,319001.25,9324
2021,4,2021-01-25,Need State 5,624003.0,1042530.0,10443.0,237.75,553418.25,6835
2021,5,2021-02-01,Need State 1,1040040.75,3538705.5,308238.0,3402.75,71536.5,17470
2021,5,2021-02-01,Need State 2,2057765.25,2907480.75,529465.5,19290.75,304409.25,16092
2021,5,2021-02-01,Need State 3,2176682.25,3815256.0,313095.75,8376.0,439665.0,13601
2021,5,2021-02-01,Need State 4,1160288.25,1926643.5,501825.75,20616.0,433508.25,5460
2021,5,2021-02-01,Need State 5,602572.5,1041183.75,12430.5,433.5,323542.5,11902
2021,6,2021-02-08,Need State 1,1281405.0,3591575.25,267614.25,3440.25,980441.25,17691
2021,6,2021-02-08,Need State 2,1956306.0,2807937.75,417973.5,12869.25,460572.0,14668
2021,6,2021-02-08,Need State 3,1809162.75,3892614.0,402543.75,9748.5,445863.75,4685
2021,6,2021-02-08,Need State 4,1132392.0,1824061.5,423258.0,13823.25,640492.5,11836
2021,6,2021-02-08,Need State 5,588169.5,1036358.25,12349.5,233.25,524925.0,11129
2021,7,2021-02-15,Need State 1,1516268.25,3553807.5,277594.5,2619.0,316326.0,14269
2021,7,2021-02-15,Need State 2,1975357.5,2782643.25,470085.0,14770.5,283466.25,13585
2021,7,2021-02-15,Need State 3,1624469.25,3899664.75,288683.25,7694.25,334146.75,7471
2021,7,2021-02-15,Need State 4,1035630.0,1908308.25,420210.75,13392.75,448128.0,16856
2021,7,2021-02-15,Need State 5,706590.0,1037391.0,19611.75,370.5,462306.75,1892
2021,8,2021-02-22,Need State 1,1982263.5,3485017.5,288708.0,3240.75,480405.0,9444
2021,8,2021-02-22,Need State 2,1883883.0,2722957.5,469544.25,13758.0,419211.0,3618
2021,8,2021-02-22,Need State 3,1660566.75,3981648.75,522767.25,12636.0,332299.5,10188
2021,8,2021-02-22,Need State 4,1157476.5,1891306.5,457369.5,14490.0,412890.0,2027
2021,8,2021-02-22,Need State 5,859293.75,1026291.0,14553.75,315.75,509691.75,9102
2021,9,2021-03-01,Need State 1,2972025.75,3438627.75,305426.25,3461.25,1341342.75,18934
2021,9,2021-03-01,Need State 2,1716895.5,2775000.0,441350.25,14404.5,321424.5,8769
2021,9,2021-03-01,Need State 3,1558020.0,4303237.5,327960.0,8955.0,345800.25,12082
2021,9,2021-03-01,Need State 4,1084067.25,2020867.5,441514.5,13727.25,331031.25,10457
2021,9,2021-03-01,Need State 5,646471.5,1039451.25,18550.5,551.25,224058.75,3859
2021,10,2021-03-08,Need State 1,3278752.5,3430857.0,366468.75,3045.0,2721590.25,2801
2021,10,2021-03-08,Need State 2,1609705.5,2792142.75,413960.25,10047.75,285894.0,3207
2021,10,2021-03-08,Need State 3,1596435.75,4378400.25,429768.0,8427.75,399765.0,18363
2021,10,2021-03-08,Need State 4,1027109.25,1942113.75,361330.5,11023.5,461514.75,6693
2021,10,2021-03-08,Need State 5,949260.0,1180793.25,40655.25,675.75,420538.5,17165
2021,11,2021-03-15,Need State 1,2863174.5,3518499.0,411339.0,3942.75,808580.25,19615
2021,11,2021-03-15,Need State 2,1558604.25,2819067.0,472459.5,12971.25,389976.0,14429
2021,11,2021-03-15,Need State 3,1510045.5,4256257.5,333696.0,9404.25,251854.5,14061
2021,11,2021-03-15,Need State 4,991081.5,2029211.25,431964.0,12563.25,388106.25,12707
2021,11,2021-03-15,Need State 5,1119555.0,1426484.25,37981.5,995.25,287581.5,12794
2021,12,2021-03-22,Need State 1,3563919.0,3594399.75,474183.0,4527.0,462552.0,16911
2021,12,2021-03-22,Need State 2,1541204.25,2773255.5,390435.0,10590.75,357771.0,14734
2021,12,2021-03-22,Need State 3,1526031.0,4255254.75,425903.25,9249.0,462864.75,1112
2021,12,2021-03-22,Need State 4,1170124.5,1970055.0,362648.25,12119.25,476425.5,11113
2021,12,2021-03-22,Need State 5,621969.75,1440278.25,71428.5,1776.75,660348.75,11245
2021,13,2021-03-29,Need State 1,4798523.25,5535069.0,600133.5,5049.75,1345166.25,18526
2021,13,2021-03-29,Need State 2,1620745.5,2756580.75,395699.25,10084.5,275889.75,12858
2021,13,2021-03-29,Need State 3,1521311.25,4215314.25,313379.25,7868.25,264009.75,8896
2021,13,2021-03-29,Need State 4,1090771.5,2062767.0,473433.75,12805.5,488613.75,19987
2021,13,2021-03-29,Need State 5,1147593.75,2117340.75,100258.5,2505.0,864904.5,11247
2021,14,2021-04-05,Need State 1,4489884.75,5355290.25,563619.75,5021.25,1344056.25,14089
2021,14,2021-04-05,Need State 2,1702234.5,2634107.25,356919.0,9434.25,354687.0,2154
2021,14,2021-04-05,Need State 3,1799645.25,4080860.25,467704.5,10521.0,588178.5,8948
2021,14,2021-04-05,Need State 4,1130388.75,1922370.0,434118.0,11544.0,475796.25,12160
2021,14,2021-04-05,Need State 5,1384758.75,2920119.0,134664.75,3737.25,992937.0,3154
2021,15,2021-04-12,Need State 1,4716588.75,5397090.0,744040.5,7921.5,780374.25,15228
2021,15,2021-04-12,Need State 2,1548697.5,2652678.75,445212.75,14040.75,328035.75,6502
2021,15,2021-04-12,Need State 3,1619382.75,4038381.0,350557.5,12336.75,463776.75,754
2021,15,2021-04-12,Need State 4,1009769.25,1968021.75,470531.25,14825.25,357441.75,3649
2021,15,2021-04-12,Need State 5,1538060.25,3106954.5,357144.75,6728.25,555201.75,6693
2021,16,2021-04-19,Need State 1,4819831.5,5164899.0,591930.75,8265.0,416756.25,4908
2021,16,2021-04-19,Need State 2,1391682.0,2637725.25,422745.0,15936.0,259767.75,18712
2021,16,2021-04-19,Need State 3,1660808.25,4025804.25,410649.0,11125.5,327388.5,12105
2021,16,2021-04-19,Need State 4,1048158.0,1994679.0,602490.0,22781.25,518808.0,17704
2021,16,2021-04-19,Need State 5,1767557.25,2933437.5,191838.0,6337.5,324018.75,14309
2021,17,2021-04-26,Need State 1,4738584.0,5607678.0,812364.0,9694.5,783196.5,4569
2021,17,2021-04-26,Need State 2,1275079.5,2596359.0,454966.5,15492.0,290293.5,17405
2021,17,2021-04-26,Need State 3,1560168.75,4114212.75,338541.0,11022.75,212003.25,14193
2021,17,2021-04-26,Need State 4,1045552.5,1839399.75,451764.75,14601.0,343884.0,9250
2021,17,2021-04-26,Need State 5,1871906.25,2954375.25,237999.75,8767.5,407784.75,1355
2021,18,2021-05-03,Need State 1,4768413.75,5416505.25,669479.25,9465.75,964353.75,18710
2021,18,2021-05-03,Need State 2,1146483.75,2548607.25,400087.5,12170.25,319240.5,18213
2021,18,2021-05-03,Need State 3,1455246.0,3989791.5,502823.25,12348.75,289918.5,3326
2021,18,2021-05-03,Need State 4,1046663.25,1922343.0,399734.25,13516.5,460024.5,7357
2021,18,2021-05-03,Need State 5,2165765.25,2860964.25,139817.25,7281.0,588853.5,7916
2021,19,2021-05-10,Need State 1,4185400.5,5377881.0,764657.25,9294.0,644009.25,14480
2021,19,2021-05-10,Need State 2,1050811.5,2477178.75,432171.0,14530.5,261920.25,6551
2021,19,2021-05-10,Need State 3,1371755.25,3961887.75,314199.0,9120.0,229689.0,3272
2021,19,2021-05-10,Need State 4,975624.0,1894047.75,428429.25,14590.5,368431.5,19032
2021,19,2021-05-10,Need State 5,2000991.0,2879776.5,312561.0,13542.0,462042.75,8035
2021,20,2021-05-17,Need State 1,3583250.25,5136009.0,1016664.75,11571.0,210880.5,2993
2021,20,2021-05-17,Need State 2,868528.5,2407791.0,393274.5,11547.0,271785.0,15869
2021,20,2021-05-17,Need State 3,1223383.5,3960268.5,440163.0,13093.5,175822.5,15571
2021,20,2021-05-17,Need State 4,955018.5,1817964.75,382415.25,12529.5,186488.25,1948
2021,20,2021-05-17,Need State 5,1685070.0,2803767.0,518168.25,17999.25,437219.25,7551
2021,21,2021-05-24,Need State 1,4222021.5,5352915.75,949762.5,10518.0,572421.0,828
2021,21,2021-05-24,Need State 2,967109.25,2363865.0,408126.0,12012.0,516226.5,18754
2021,21,2021-05-24,Need State 3,1291726.5,3856012.5,329523.0,10692.0,468210.75,18291
2021,21,2021-05-24,Need State 4,737964.75,1900607.25,413962.5,12645.0,295438.5,1532
2021,21,2021-05-24,Need State 5,1376120.25,2744557.5,513900.75,28365.75,1303386.0,12636
2021,22,2021-05-31,Need State 1,3720159.75,5118456.75,875752.5,9945.0,1371993.75,946
2021,22,2021-05-31,Need State 2,947630.25,2310818.25,381229.5,9823.5,402544.5,4772
2021,22,2021-05-31,Need State 3,1263054.75,3811452.0,462633.0,10530.0,401921.25,7719
2021,22,2021-05-31,Need State 4,668391.0,1806172.5,381732.75,11053.5,341385.75,715
2021,22,2021-05-31,Need State 5,1171755.0,2728202.25,394731.75,16926.0,444084.0,12621
2021,23,2021-06-07,Need State 1,3057247.5,4931239.5,885507.75,8270.25,188688.75,17402
2021,23,2021-06-07,Need State 2,1008118.5,2371276.5,434532.0,10550.25,389661.75,10817
2021,23,2021-06-07,Need State 3,1341347.25,3720621.0,317057.25,8646.75,328473.75,16464
2021,23,2021-06-07,Need State 4,718674.0,1791743.25,424536.75,12019.5,536329.5,4947
2021,23,2021-06-07,Need State 5,1096478.25,2593535.25,550308.75,20357.25,475248.0,3048
2021,24,2021-06-14,Need State 1,2618924.25,4965363.0,722193.75,7458.75,265803.0,3641
2021,24,2021-06-14,Need State 2,1035546.0,2400779.25,390393.0,10377.0,522888.0,15620
2021,24,2021-06-14,Need State 3,1431467.25,3743088.0,486275.25,9419.25,582267.75,6705
2021,24,2021-06-14,Need State 4,854339.25,1786854.75,403641.0,10047.75,491120.25,17088
2021,24,2021-06-14,Need State 5,1051805.25,2451822.0,285318.75,12407.25,424869.0,10332
2021,25,2021-06-21,Need State 1,2493813.75,5521113.0,818238.75,5764.5,582181.5,18118
2021,25,2021-06-21,Need State 2,1138927.5,2421497.25,369716.25,7430.25,442374.75,4547
2021,25,2021-06-21,Need State 3,1583995.5,3708614.25,301119.0,6986.25,697846.5,7282
2021,25,2021-06-21,Need State 4,797413.5,1887614.25,373848.75,10372.5,366459.75,13623
2021,25,2021-06-21,Need State 5,877903.5,2425776.75,431457.0,11602.5,669768.0,18355
2021,26,2021-06-28,Need State 1,2210718.75,5171770.5,693630.75,5799.0,374456.25,17749
2021,26,2021-06-28,Need State 2,1111259.25,2436282.0,334209.0,8093.25,371931.0,10039
2021,26,2021-06-28,Need State 3,1459056.0,3845141.25,487630.5,8842.5,733339.5,12591
2021,26,2021-06-28,Need State 4,699206.25,1955033.25,384365.25,9849.0,477507.0,16237
2021,26,2021-06-28,Need State 5,732788.25,2325798.0,423452.25,14219.25,816594.0,18961
2021,27,2021-07-05,Need State 1,2800599.0,4893369.0,605286.75,4686.75,744354.75,14498
2021,27,2021-07-05,Need State 2,1324496.25,2417480.25,343597.5,6697.5,447534.0,5031
2021,27,2021-07-05,Need State 3,1745280.75,3677203.5,337101.0,7251.75,622235.25,18929
2021,27,2021-07-05,Need State 4,778773.75,1917724.5,383634.0,8484.75,272110.5,15778
2021,27,2021-07-05,Need State 5,566187.0,2216307.0,359622.0,9683.25,697385.25,2200
2021,28,2021-07-12,Need State 1,2485851.75,4834065.75,593844.0,5145.75,153197.25,17004
2021,28,2021-07-12,Need State 2,1349715.75,2390312.25,314562.75,7224.0,430443.0,8468
2021,28,2021-07-12,Need State 3,1986576.75,3783186.0,444928.5,7355.25,473646.0,14973
2021,28,2021-07-12,Need State 4,855797.25,1879984.5,407671.5,9808.5,349866.0,10276
2021,28,2021-07-12,Need State 5,634808.25,2051960.25,221511.0,6409.5,506658.75,3489
2021,29,2021-07-19,Need State 1,1875072.75,4766124.0,559867.5,4277.25,403191.0,12332
2021,29,2021-07-19,Need State 2,1154028.75,2401224.75,382468.5,8355.75,351768.0,7350
2021,29,2021-07-19,Need State 3,1820496.0,4290505.5,313857.75,5880.0,531840.0,10813
2021,29,2021-07-19,Need State 4,566878.5,2017026.0,412947.0,8745.75,451622.25,9946
2021,29,2021-07-19,Need State 5,569079.75,2022538.5,185678.25,4857.0,442292.25,6787
2021,30,2021-07-26,Need State 1,2189743.5,4648371.75,595377.75,3400.5,566452.5,1177
2021,30,2021-07-26,Need State 2,1111641.75,2396415.75,307947.0,5889.75,304865.25,9963
2021,30,2021-07-26,Need State 3,1806902.25,4330515.0,500107.5,7737.75,177859.5,11544
2021,30,2021-07-26,Need State 4,765851.25,1952043.75,379473.75,8175.0,309791.25,3721
2021,30,2021-07-26,Need State 5,540206.25,1928239.5,114351.75,2762.25,447265.5,2717
2021,31,2021-08-02,Need State 1,2304342.0,4475928.0,547923.0,4156.5,487445.25,8009
2021,31,2021-08-02,Need State 2,1312462.5,2581758.75,416457.75,6570.75,542931.75,8420
2021,31,2021-08-02,Need State 3,1583692.5,4288314.0,313391.25,5929.5,353543.25,18165
2021,31,2021-08-02,Need State 4,711614.25,1922523.75,416781.0,8167.5,629710.5,1185
2021,31,2021-08-02,Need State 5,496543.5,1715198.25,162773.25,3534.75,585342.0,18523
2021,32,2021-08-09,Need State 1,2227295.25,4442744.25,551245.5,3395.25,1052920.5,1338
2021,32,2021-08-09,Need State 2,1290095.25,2537719.5,314933.25,6599.25,483064.5,19872
2021,32,2021-08-09,Need State 3,1461759.0,4235473.5,389408.25,5922.75,272973.75,1717
2021,32,2021-08-09,Need State 4,937434.75,1868707.5,397534.5,8409.75,742052.25,8645
2021,32,2021-08-09,Need State 5,523584.75,1577806.5,101369.25,2136.0,531677.25,13417
2021,33,2021-08-16,Need State 1,2402760.0,4599898.5,695661.75,3780.75,658275.75,2992
2021,33,2021-08-16,Need State 2,1389190.5,2730018.0,384623.25,7659.75,334887.75,6964
2021,33,2021-08-16,Need State 3,1584912.75,4344857.25,340911.75,7146.75,341965.5,650
2021,33,2021-08-16,Need State 4,1362579.75,1933717.5,373126.5,10485.75,715980.75,9803
2021,33,2021-08-16,Need State 5,491658.0,1522392.75,115697.25,3093.75,1149696.0,19356
2021,34,2021-08-23,Need State 1,2229888.75,4435625.25,687503.25,3655.5,520768.5,1455
2021,34,2021-08-23,Need State 2,1262043.75,2700122.25,313235.25,5667.0,179756.25,2505
2021,34,2021-08-23,Need State 3,1441704.0,4282995.0,461373.0,6741.0,220227.0,11890
2021,34,2021-08-23,Need State 4,1240429.5,2095533.0,438381.0,9972.0,336958.5,3351
2021,34,2021-08-23,Need State 5,469830.75,1443813.0,90660.75,2869.5,772803.0,720
2021,35,2021-08-30,Need State 1,2009406.0,4368488.25,740111.25,4038.75,324585.0,14141
2021,35,2021-08-30,Need State 2,1082334.75,2671679.25,383862.75,6619.5,552717.75,13926
2021,35,2021-08-30,Need State 3,1199376.0,4216323.0,319853.25,6010.5,177987.0,5822
2021,35,2021-08-30,Need State 4,845853.75,2182830.75,492462.0,10860.0,249434.25,13078
2021,35,2021-08-30,Need State 5,456770.25,1394332.5,60320.25,1594.5,350067.75,776
2021,36,2021-09-06,Need State 1,1811052.75,4328462.25,656641.5,3996.0,320163.0,13292
2021,36,2021-09-06,Need State 2,892539.0,2635284.0,318623.25,6052.5,170965.5,18209
2021,36,2021-09-06,Need State 3,1071735.75,4210149.75,472932.0,8017.5,219709.5,14373
2021,36,2021-09-06,Need State 4,785573.25,2148377.25,397526.25,9233.25,329004.0,2968
2021,36,2021-09-06,Need State 5,436785.75,1352081.25,54356.25,1974.0,431654.25,12108
2021,37,2021-09-13,Need State 1,1978428.75,4202687.25,478269.75,2899.5,398962.5,16466
2021,37,2021-09-13,Need State 2,743238.0,2678554.5,369570.75,8075.25,419973.75,16815
2021,37,2021-09-13,Need State 3,950578.5,4199922.0,293533.5,5499.0,266729.25,12460
2021,37,2021-09-13,Need State 4,910599.0,2206621.5,499152.0,10282.5,459801.75,1919
2021,37,2021-09-13,Need State 5,415316.25,1187435.25,28747.5,1316.25,401247.75,15017
2021,38,2021-09-20,Need State 1,1837530.0,4189131.0,487155.75,4110.75,632085.75,8460
2021,38,2021-09-20,Need State 2,680382.75,2622080.25,285762.0,6512.25,565623.0,5066
2021,38,2021-09-20,Need State 3,956617.5,4246850.25,402376.5,7940.25,481889.25,19828
2021,38,2021-09-20,Need State 4,794007.75,2215599.0,420957.0,9164.25,444409.5,9431
2021,38,2021-09-20,Need State 5,403522.5,1048380.75,26284.5,1104.75,477400.5,2721
2021,39,2021-09-27,Need State 1,2153181.75,4201519.5,428911.5,2969.25,1025997.75,18974
2021,39,2021-09-27,Need State 2,638931.75,2670129.0,400496.25,6955.5,282459.0,17269
2021,39,2021-09-27,Need State 3,1034995.5,4186123.5,306233.25,6592.5,560955.0,13044
2021,39,2021-09-27,Need State 4,720269.25,2319528.75,482850.75,12162.75,545457.75,7162
2021,39,2021-09-27,Need State 5,363399.0,999865.5,21485.25,453.75,686050.5,13042
2021,40,2021-10-04,Need State 1,2187683.25,4133904.75,448910.25,3213.0,80189.25,19007
2021,40,2021-10-04,Need State 2,664379.25,2562806.25,300524.25,5948.25,267213.75,8489
2021,40,2021-10-04,Need State 3,1095846.0,4117729.5,386547.0,6909.0,243669.0,8627
2021,40,2021-10-04,Need State 4,864545.25,2159055.0,417054.0,10622.25,414002.25,12629
2021,40,2021-10-04,Need State 5,352750.5,954462.0,17242.5,327.0,236986.5,14031
2021,41,2021-10-11,Need State 1,2287858.5,4154016.75,378968.25,2867.25,650490.0,17150
2021,41,2021-10-11,Need State 2,746744.25,3374835.75,331294.5,6466.5,468106.5,16672
2021,41,2021-10-11,Need State 3,930310.5,4280195.25,326609.25,6232.5,323962.5,7379
2021,41,2021-10-11,Need State 4,1299327.75,2293140.75,403581.75,8721.75,835918.5,17429
2021,41,2021-10-11,Need State 5,341005.5,932326.5,16965.0,204.75,1000242.75,11693
2021,42,2021-10-18,Need State 1,2258578.5,4131496.5,384597.75,3072.0,319992.0,3371
2021,42,2021-10-18,Need State 2,898696.5,3382311.75,334574.25,7743.75,286435.5,12284
2021,42,2021-10-18,Need State 3,1122779.25,4359278.25,383744.25,6338.25,129718.5,2361
2021,42,2021-10-18,Need State 4,1289298.75,2320704.0,433433.25,10592.25,285377.25,4494
2021,42,2021-10-18,Need State 5,226942.5,920925.75,16812.0,226.5,381074.25,18285
2021,43,2021-10-25,Need State 1,2078940.0,4084359.0,381980.25,2651.25,192120.75,13524
2021,43,2021-10-25,Need State 2,992579.25,3350259.0,420952.5,9129.75,478903.5,4953
2021,43,2021-10-25,Need State 3,1037039.25,4266784.5,255436.5,4853.25,237707.25,4702
2021,43,2021-10-25,Need State 4,1066103.25,2292237.75,470436.0,10680.0,263670.0,1638
2021,43,2021-10-25,Need State 5,294897.75,913094.25,17764.5,270.75,387342.0,17886
2021,44,2021-11-01,Need State 1,1967236.5,4090227.75,330258.0,2442.75,223115.25,15114
2021,44,2021-11-01,Need State 2,1018754.25,3295037.25,343806.0,7565.25,512168.25,11722
2021,44,2021-11-01,Need State 3,959034.0,4243719.75,358208.25,6712.5,229542.75,5628
2021,44,2021-11-01,Need State 4,827304.75,2325026.25,393473.25,9960.75,396127.5,5495
2021,44,2021-11-01,Need State 5,182847.75,893018.25,19355.25,264.75,344643.0,14553
2021,45,2021-11-08,Need State 1,1766007.75,4037955.0,335463.75,2108.25,247068.0,14545
2021,45,2021-11-08,Need State 2,1280847.75,3233085.0,414551.25,7682.25,596028.75,8842
2021,45,2021-11-08,Need State 3,1075995.75,4159340.25,266328.75,5549.25,377853.0,19144
2021,45,2021-11-08,Need State 4,909246.0,2283995.25,464336.25,8895.0,362800.5,12420
2021,45,2021-11-08,Need State 5,172085.25,881946.0,20537.25,219.75,474536.25,17624
2021,46,2021-11-15,Need State 1,1772478.75,3977697.0,299685.0,2079.75,163740.0,5323
2021,46,2021-11-15,Need State 2,1209935.25,3219830.25,364275.0,9483.75,341327.25,18401
2021,46,2021-11-15,Need State 3,1094258.25,4106807.25,333616.5,6735.75,352458.0,16445
2021,46,2021-11-15,Need State 4,962713.5,2203873.5,445491.0,10631.25,322544.25,10062
2021,46,2021-11-15,Need State 5,168414.0,867792.75,16779.0,252.75,336150.0,14623
2021,47,2021-11-22,Need State 1,1709643.0,3933765.0,288753.75,2442.75,523181.25,13036
2021,47,2021-11-22,Need State 2,1146784.5,3272108.25,527122.5,12681.0,506841.0,1604
2021,47,2021-11-22,Need State 3,1245589.5,4068462.75,287940.0,7647.0,477817.5,19954
2021,47,2021-11-22,Need State 4,1012397.25,2101588.5,415181.25,9816.75,525870.75,9478
2021,47,2021-11-22,Need State 5,169581.75,862029.75,18098.25,406.5,332483.25,3893
2021,48,2021-11-29,Need State 1,1648735.5,3926124.0,328204.5,3016.5,384503.25,12585
2021,48,2021-11-29,Need State 2,1224609.75,3343976.25,464865.0,14578.5,367848.75,14286
2021,48,2021-11-29,Need State 3,1250385.75,4030890.75,407856.0,13239.0,159486.0,16052
2021,48,2021-11-29,Need State 4,1112517.0,2050989.0,398274.75,10827.0,446012.25,12208
2021,48,2021-11-29,Need State 5,162201.75,857832.0,18330.75,647.25,206840.25,11913
2021,49,2021-12-06,Need State 1,1799262.75,3923584.5,323834.25,2412.0,343218.0,19408
2021,49,2021-12-06,Need State 2,1183906.5,3250760.25,405858.0,8278.5,330722.25,19020
2021,49,2021-12-06,Need State 3,1140785.25,3980202.0,246740.25,5052.75,375309.0,19431
2021,49,2021-12-06,Need State 4,1030555.5,2067675.75,428171.25,10139.25,370164.75,14339
2021,49,2021-12-06,Need State 5,186630.75,849217.5,20747.25,277.5,354144.0,19453
2021,50,2021-12-13,Need State 1,1764952.5,3890427.0,309387.0,2110.5,314396.25,11819
2021,50,2021-12-13,Need State 2,1216697.25,3129087.0,598563.0,9657.0,256461.0,17115
2021,50,2021-12-13,Need State 3,1277717.25,3952218.0,364957.5,5668.5,398690.25,19793
2021,50,2021-12-13,Need State 4,1057341.75,1960471.5,438303.0,10624.5,302901.75,9827
2021,50,2021-12-13,Need State 5,187236.75,831126.0,24914.25,230.25,370041.75,15210
2021,51,2021-12-20,Need State 1,1805510.25,3849951.0,373874.25,2878.5,804323.25,6800
2021,51,2021-12-20,Need State 2,951240.0,2870991.75,600968.25,8244.75,395858.25,1031
2021,51,2021-12-20,Need State 3,1309312.5,3794686.5,383296.5,6709.5,326622.0,1473
2021,51,2021-12-20,Need State 4,948471.0,1940378.25,506939.25,10371.75,790806.75,16978
2021,51,2021-12-20,Need State 5,178176.0,838800.75,27582.75,187.5,785989.5,14126
2021,52,2021-12-27,Need State 1,1952004.0,3872801.25,352412.25,2358.75,118671.75,7192
2021,52,2021-12-27,Need State 2,843687.0,2758899.0,407785.5,7518.0,95872.5,2114
2021,52,2021-12-27,Need State 3,1110202.5,3896245.5,249810.75,6012.0,152532.75,12488
2021,52,2021-12-27,Need State 4,1039656.0,1992052.5,299879.25,8635.5,225032.25,1887
2021,52,2021-12-27,Need State 5,193203.0,861502.5,17217.0,382.5,301517.25,10954
2022,1,2022-01-03,Need State 1,1849125.0,3833880.75,348637.5,3441.75,225132.0,18049
2022,1,2022-01-03,Need State 2,727968.0,2741374.5,299068.5,8566.5,239328.75,11157
2022,1,2022-01-03,Need State 3,1043247.0,3964887.75,298375.5,8359.5,146636.25,13539
2022,1,2022-01-03,Need State 4,794529.75,2049757.5,416754.0,11095.5,231120.75,758
2022,1,2022-01-03,Need State 5,174625.5,863618.25,28734.75,471.0,323888.25,3316
2022,2,2022-01-10,Need State 1,1886235.0,3846775.5,343799.25,3657.0,720135.0,8583
2022,2,2022-01-10,Need State 2,688170.0,2700783.0,330452.25,11636.25,299952.0,4323
2022,2,2022-01-10,Need State 3,1016256.0,3898632.0,324578.25,7750.5,398277.0,16226
2022,2,2022-01-10,Need State 4,867558.0,1976493.0,473402.25,17230.5,638800.5,17316
2022,2,2022-01-10,Need State 5,195345.75,854471.25,20072.25,537.0,564081.0,13125
2022,3,2022-01-17,Need State 1,1966980.0,3852201.0,346592.25,3806.25,227398.5,11338
2022,3,2022-01-17,Need State 2,727232.25,2690676.75,331642.5,9718.5,367634.25,18475
2022,3,2022-01-17,Need State 3,1205241.75,3800191.5,275375.25,6705.0,406825.5,17129
2022,3,2022-01-17,Need State 4,1080168.75,1947301.5,432791.25,13074.75,573999.0,15519
2022,3,2022-01-17,Need State 5,198354.75,849681.0,19849.5,411.75,328036.5,10302
2022,4,2022-01-24,Need State 1,1784772.0,3850652.25,344795.25,3765.75,295862.25,6009
2022,4,2022-01-24,Need State 2,741632.25,2648196.75,324370.5,9857.25,250038.0,9048
2022,4,2022-01-24,Need State 3,1246990.5,3807639.0,348705.0,8472.0,297513.0,4005
2022,4,2022-01-24,Need State 4,928840.5,1952948.25,382820.25,11168.25,300548.25,931
2022,4,2022-01-24,Need State 5,178992.0,844506.75,23655.75,540.75,472599.75,17986
2022,5,2022-01-31,Need State 1,1809055.5,4080468.75,338146.5,3984.0,473947.5,13106
2022,5,2022-01-31,Need State 2,648354.0,2575325.25,359309.25,12634.5,253847.25,3315
2022,5,2022-01-31,Need State 3,1203952.5,3723685.5,315834.0,8309.25,424525.5,19206
2022,5,2022-01-31,Need State 4,824669.25,2042387.25,498989.25,19377.0,455489.25,15902
2022,5,2022-01-31,Need State 5,231534.75,840153.75,22807.5,601.5,517918.5,12486
2022,6,2022-02-07,Need State 1,1737505.5,4045948.5,307596.75,2999.25,615947.25,8368
2022,6,2022-02-07,Need State 2,627284.25,2542923.75,305830.5,8575.5,243423.75,7121
2022,6,2022-02-07,Need State 3,1496976.0,3713264.25,337423.5,5844.75,524013.75,5812
2022,6,2022-02-07,Need State 4,1041308.25,2017749.75,402324.0,10166.25,436341.0,12481
2022,6,2022-02-07,Need State 5,225524.25,834605.25,29843.25,541.5,266755.5,8329
2022,7,2022-02-14,Need State 1,1792991.25,3863763.0,302883.0,3231.75,405015.0,4021
2022,7,2022-02-14,Need State 2,766714.5,2430100.5,306318.75,7626.0,328047.0,1555
2022,7,2022-02-14,Need State 3,1586227.5,3590558.25,285927.75,5243.25,393878.25,7852
2022,7,2022-02-14,Need State 4,948331.5,1977548.25,427413.75,10544.25,448062.75,9229
2022,7,2022-02-14,Need State 5,204607.5,786064.5,55258.5,758.25,311679.75,11729
2022,8,2022-02-21,Need State 1,1737123.0,4018358.25,343384.5,2896.5,273339.0,18796
2022,8,2022-02-21,Need State 2,657087.75,2478526.5,282371.25,6586.5,188490.75,3035
2022,8,2022-02-21,Need State 3,1194807.0,3721557.75,392266.5,7948.5,168665.25,8333
2022,8,2022-02-21,Need State 4,911358.0,2051508.75,390536.25,9573.75,193704.0,1303
2022,8,2022-02-21,Need State 5,193338.0,793143.0,32664.0,493.5,177261.75,13458
2022,9,2022-02-28,Need State 1,2300770.5,4198659.75,341754.0,2938.5,1633242.0,3272
2022,9,2022-02-28,Need State 2,687194.25,2451921.0,329583.75,7532.25,361269.75,8002
2022,9,2022-02-28,Need State 3,1201031.25,3860166.0,322031.25,4886.25,269997.75,14691
2022,9,2022-02-28,Need State 4,957188.25,1996818.0,409771.5,9941.25,408852.75,12898
2022,9,2022-02-28,Need State 5,200004.0,776436.0,37790.25,748.5,1193739.0,15148
2022,10,2022-03-07,Need State 1,3368703.75,4237740.75,396704.25,3370.5,1767609.0,15398
2022,10,2022-03-07,Need State 2,688646.25,2446062.75,285531.75,6529.5,414115.5,12148
2022,10,2022-03-07,Need State 3,1179682.5,3869143.5,343164.0,5438.25,213970.5,15082
2022,10,2022-03-07,Need State 4,991293.0,2058103.5,351147.0,8024.25,477458.25,17196
2022,10,2022-03-07,Need State 5,686337.0,758295.0,71468.25,1540.5,670185.75,16178
2022,11,2022-03-14,Need State 1,3815302.5,4206561.0,385340.25,3465.0,401660.25,1830
2022,11,2022-03-14,Need State 2,696391.5,2479667.25,301209.75,6819.0,324297.0,3184
2022,11,2022-03-14,Need State 3,1152363.75,3787143.75,299349.0,4990.5,317165.25,9363
2022,11,2022-03-14,Need State 4,879493.5,2037232.5,404808.0,8870.25,236302.5,11202
2022,11,2022-03-14,Need State 5,811782.0,714885.0,43072.5,726.0,291765.75,17272
2022,12,2022-03-21,Need State 1,3192620.25,4200300.75,439730.25,4341.0,923920.5,12295
2022,12,2022-03-21,Need State 2,786270.0,2456478.0,290700.0,7100.25,453584.25,12126
2022,12,2022-03-21,Need State 3,1170600.75,3728396.25,341650.5,7619.25,465645.75,14989
2022,12,2022-03-21,Need State 4,700431.75,1957279.5,359508.0,9240.0,419783.25,11105
2022,12,2022-03-21,Need State 5,760760.25,746764.5,53145.0,1792.5,680735.25,14896
2022,13,2022-03-28,Need State 1,4098109.5,4931589.0,560076.0,5413.5,1434591.75,2568
2022,13,2022-03-28,Need State 2,750130.5,2450426.25,388444.5,7289.25,378236.25,7136
2022,13,2022-03-28,Need State 3,1157227.5,3695260.5,275298.0,4386.0,479124.0,10890
2022,13,2022-03-28,Need State 4,822378.75,1985205.0,469857.75,10481.25,377538.75,18139
2022,13,2022-03-28,Need State 5,1521032.25,1200894.0,88083.75,2394.0,829482.75,10921
2022,14,2022-04-04,Need State 1,4751574.0,4873329.0,524874.0,4136.25,1005565.5,10826
2022,14,2022-04-04,Need State 2,778464.75,2405337.75,440656.5,6840.0,260363.25,18642
2022,14,2022-04-04,Need State 3,1319388.75,3686928.75,371924.25,6857.25,256968.0,2995
2022,14,2022-04-04,Need State 4,827025.0,1925391.0,410714.25,8949.0,213425.25,16063
2022,14,2022-04-04,Need State 5,2214831.0,1252852.5,67195.5,1094.25,905097.75,9879
2022,15,2022-04-11,Need State 1,4823778.0,4787475.0,577040.25,5704.5,197555.25,4940
2022,15,2022-04-11,Need State 2,654268.5,2342972.25,372479.25,8550.75,323847.75,15803
2022,15,2022-04-11,Need State 3,1152492.75,3681702.0,298653.0,5988.0,228345.0,2866
2022,15,2022-04-11,Need State 4,614841.75,1808111.25,444729.75,10015.5,290613.75,10593
2022,15,2022-04-11,Need State 5,1650714.0,1527018.0,132243.0,1938.75,446220.75,12408
2022,16,2022-04-18,Need State 1,4390458.75,4729499.25,482043.0,4307.25,745246.5,18962
2022,16,2022-04-18,Need State 2,601455.0,2368101.0,379185.0,7314.75,354027.75,2271
2022,16,2022-04-18,Need State 3,1056108.75,3648184.5,317124.75,4491.75,289380.75,3800
2022,16,2022-04-18,Need State 4,624639.75,1719077.25,387538.5,8343.0,286107.75,5221
2022,16,2022-04-18,Need State 5,1631232.75,2282793.75,91773.0,1767.0,640003.5,7682
2022,17,2022-04-25,Need State 1,4328567.25,5323525.5,642017.25,6462.75,746291.25,19003
2022,17,2022-04-25,Need State 2,634131.75,2377780.5,388831.5,10150.5,422487.0,5349
2022,17,2022-04-25,Need State 3,1283388.75,3688877.25,317007.75,7133.25,589102.5,2985
2022,17,2022-04-25,Need State 4,694266.75,1666168.5,427175.25,12491.25,458959.5,12347
2022,17,2022-04-25,Need State 5,1604514.0,2383749.0,226299.0,3873.0,239607.0,7132
2022,18,2022-05-02,Need State 1,4510617.0,5426955.0,617886.0,5088.0,1124841.0,7223
2022,18,2022-05-02,Need State 2,728430.0,2425101.0,378947.25,6726.0,383335.5,12017
2022,18,2022-05-02,Need State 3,1487045.25,3714513.75,360345.75,4959.75,461808.0,14287
2022,18,2022-05-02,Need State 4,722916.75,1741586.25,352068.0,6842.25,440440.5,2043
2022,18,2022-05-02,Need State 5,2219390.25,2292835.5,167946.75,2907.0,1422577.5,12461
2022,19,2022-05-09,Need State 1,4581154.5,5338629.75,818531.25,5722.5,825480.0,2256
2022,19,2022-05-09,Need State 2,715961.25,2397145.5,374893.5,7780.5,557058.0,1356
2022,19,2022-05-09,Need State 3,1523069.25,3703206.75,285820.5,5751.75,448005.0,18094
2022,19,2022-05-09,Need State 4,795934.5,1740779.25,385224.0,8835.75,570684.0,13485
2022,19,2022-05-09,Need State 5,2419461.0,2300214.75,470982.75,6534.0,884607.75,1694
2022,20,2022-05-16,Need State 1,4528831.5,5089863.0,824489.25,5211.0,786371.25,18024
2022,20,2022-05-16,Need State 2,810265.5,2379420.0,417912.75,7908.0,364514.25,13937
2022,20,2022-05-16,Need State 3,1501898.25,3692773.5,335220.0,5200.5,218375.25,7449
2022,20,2022-05-16,Need State 4,863393.25,1692465.0,373661.25,7607.25,354081.0,7668
2022,20,2022-05-16,Need State 5,2238211.5,1986108.75,372768.75,6714.0,1185709.5,8731
2022,21,2022-05-23,Need State 1,5149377.75,5474871.0,801347.25,6423.0,1481271.75,19173
2022,21,2022-05-23,Need State 2,662451.0,2445935.25,338514.75,7419.0,475058.25,3457
2022,21,2022-05-23,Need State 3,1463990.25,3776847.75,323421.0,6698.25,405483.0,19300
2022,21,2022-05-23,Need State 4,825695.25,1743278.25,382512.75,7792.5,330423.75,17188
2022,21,2022-05-23,Need State 5,2051296.5,2027337.0,344436.0,7275.0,634808.25,10770
2022,22,2022-05-30,Need State 1,5295673.5,5877516.0,877654.5,6408.0,578701.5,9073
2022,22,2022-05-30,Need State 2,680552.25,2698783.5,405162.0,7626.75,253146.0,8353
2022,22,2022-05-30,Need State 3,1512074.25,4115906.25,365874.75,5193.75,279737.25,11526
2022,22,2022-05-30,Need State 4,756702.75,1858278.0,412912.5,9372.0,280140.0,15154
2022,22,2022-05-30,Need State 5,1672439.25,1938597.75,289023.0,6359.25,344255.25,4437
2022,23,2022-06-06,Need State 1,5126610.0,5681484.75,984391.5,6981.75,464439.0,7434
2022,23,2022-06-06,Need State 2,881702.25,2654892.0,376378.5,7138.5,544197.0,16855
2022,23,2022-06-06,Need State 3,1590522.0,4038271.5,324720.75,6801.75,425300.25,2288
2022,23,2022-06-06,Need State 4,738271.5,1851035.25,454620.0,9641.25,336489.75,17722
2022,23,2022-06-06,Need State 5,1603265.25,2075056.5,318934.5,7629.75,304602.75,14580
2022,24,2022-06-13,Need State 1,4815375.0,5462408.25,811932.75,6810.0,240153.75,3066
2022,24,2022-06-13,Need State 2,1078920.75,2592749.25,406348.5,8532.75,559325.25,3299
2022,24,2022-06-13,Need State 3,1609374.75,4084571.25,405487.5,5866.5,427752.75,16099
2022,24,2022-06-13,Need State 4,788746.5,1784637.75,455523.75,10461.0,447780.75,4739
2022,24,2022-06-13,Need State 5,1748004.75,1962462.75,214361.25,4884.0,627080.25,11165
2022,25,2022-06-20,Need State 1,4492306.5,5585256.75,996766.5,8342.25,793471.5,2577
2022,25,2022-06-20,Need State 2,1071737.25,2578538.25,349650.0,6761.25,355576.5,3644
2022,25,2022-06-20,Need State 3,1744253.25,4001175.0,356679.75,7352.25,941070.0,6012
2022,25,2022-06-20,Need State 4,850764.75,1745373.75,348743.25,6513.0,539620.5,14012
2022,25,2022-06-20,Need State 5,1486710.0,1920570.0,209683.5,3603.0,517377.0,18017
2022,26,2022-06-27,Need State 1,4138507.5,5625784.5,871884.0,6725.25,423244.5,11130
2022,26,2022-06-27,Need State 2,1088970.75,2603371.5,357029.25,5844.0,256360.5,17096
2022,26,2022-06-27,Need State 3,2147322.75,4006296.0,421110.0,5948.25,269085.75,9777
2022,26,2022-06-27,Need State 4,867011.25,1780715.25,434420.25,8349.0,317520.75,10038
2022,26,2022-06-27,Need State 5,1238617.5,1871043.75,376593.0,5925.0,284659.5,5432
2022,27,2022-07-04,Need State 1,3853857.75,5456624.25,695706.0,4088.25,681434.25,4798
2022,27,2022-07-04,Need State 2,959133.75,2546368.5,364499.25,5825.25,259917.0,17525
2022,27,2022-07-04,Need State 3,2145246.0,3909288.75,376256.25,7233.0,302958.75,15788
2022,27,2022-07-04,Need State 4,704640.0,1776132.75,419122.5,7595.25,279173.25,10942
2022,27,2022-07-04,Need State 5,881193.75,1776447.0,372075.0,5229.0,425949.75,3225
2022,28,2022-07-11,Need State 1,3655986.75,5566181.25,756621.0,6627.75,765796.5,12298
2022,28,2022-07-11,Need State 2,982161.75,2577708.75,366444.75,6452.25,456874.5,14644
2022,28,2022-07-11,Need State 3,1671880.5,3921411.75,414412.5,6956.25,331095.0,5721
2022,28,2022-07-11,Need State 4,737121.75,1810627.5,411924.75,8072.25,456045.0,12651
2022,28,2022-07-11,Need State 5,846811.5,1839246.75,316325.25,5319.0,811161.0,15454
2022,29,2022-07-18,Need State 1,3735090.0,5450706.75,709096.5,5946.0,752730.75,19559
2022,29,2022-07-18,Need State 2,966006.0,2526481.5,362702.25,6469.5,433179.75,1492
2022,29,2022-07-18,Need State 3,1716082.5,4397018.25,353679.75,6462.0,562457.25,4693
2022,29,2022-07-18,Need State 4,894835.5,1749581.25,401744.25,7249.5,697983.0,10061
2022,29,2022-07-18,Need State 5,756909.0,1740398.25,351225.75,4953.75,569270.25,1761
2022,30,2022-07-25,Need State 1,3462938.25,5393953.5,681260.25,4268.25,1059818.25,17633
2022,30,2022-07-25,Need State 2,1106758.5,2582864.25,347877.0,5252.25,574308.0,7231
2022,30,2022-07-25,Need State 3,1996495.5,4317003.0,436925.25,5979.0,895302.0,3063
2022,30,2022-07-25,Need State 4,1043202.0,1718715.75,373125.75,6978.75,476877.75,15301
2022,30,2022-07-25,Need State 5,615459.0,1581553.5,224478.75,2443.5,778722.75,15983
2022,31,2022-08-01,Need State 1,3571481.25,5295227.25,612480.75,5478.0,398173.5,15301
2022,31,2022-08-01,Need State 2,1064522.25,2580941.25,347859.0,6114.75,249181.5,4268
2022,31,2022-08-01,Need State 3,2126226.75,4178266.5,359648.25,5761.5,541816.5,12152
2022,31,2022-08-01,Need State 4,902163.0,1733172.75,438981.75,8566.5,212052.0,9584
2022,31,2022-08-01,Need State 5,543747.0,1483065.0,243281.25,3564.75,566001.75,4078
2022,32,2022-08-08,Need State 1,3684161.25,5235033.75,563415.75,3631.5,470028.75,5708
2022,32,2022-08-08,Need State 2,1090215.0,2619253.5,365229.75,6512.25,281360.25,2142
2022,32,2022-08-08,Need State 3,2347671.75,4289967.0,391567.5,5908.5,387649.5,5679
2022,32,2022-08-08,Need State 4,752697.0,1755353.25,391185.0,8521.5,294522.0,13284
2022,32,2022-08-08,Need State 5,541208.25,1388911.5,173972.25,2650.5,911864.25,17524
2022,33,2022-08-15,Need State 1,3442376.25,5638314.75,703843.5,5435.25,323103.75,18150
2022,33,2022-08-15,Need State 2,888393.0,2606313.0,370592.25,6411.0,335745.0,5104
2022,33,2022-08-15,Need State 3,2131104.0,4464694.5,367183.5,7677.75,340545.0,8701
2022,33,2022-08-15,Need State 4,649293.75,1854658.5,447205.5,9502.5,682317.75,19292
2022,33,2022-08-15,Need State 5,458649.75,1320723.75,208303.5,3603.75,611402.25,15224
2022,34,2022-08-22,Need State 1,3329763.75,5569774.5,666964.5,4350.0,296668.5,3409
2022,34,2022-08-22,Need State 2,1197764.25,2652465.75,434151.75,5250.0,584072.25,13268
2022,34,2022-08-22,Need State 3,2275254.75,4525967.25,415620.75,5808.0,284383.5,10065
2022,34,2022-08-22,Need State 4,988587.75,1827985.5,450958.5,9363.0,434454.75,6946
2022,34,2022-08-22,Need State 5,460833.0,1245992.25,124107.75,3119.25,521358.0,1026
2022,35,2022-08-29,Need State 1,3080222.25,5395396.5,751821.75,4778.25,252782.25,6585
2022,35,2022-08-29,Need State 2,1425183.75,2564119.5,348401.25,5809.5,583513.5,9230
2022,35,2022-08-29,Need State 3,2147524.5,4389068.25,335940.0,5187.0,189370.5,9757
2022,35,2022-08-29,Need State 4,849573.0,1811809.5,412478.25,7475.25,314837.25,9504
2022,35,2022-08-29,Need State 5,458765.25,1226254.5,101968.5,1461.75,950898.75,5918
2022,36,2022-09-05,Need State 1,2894664.75,5127173.25,657760.5,4641.0,507331.5,11717
2022,36,2022-09-05,Need State 2,1388260.5,2567957.25,343767.75,6198.0,289881.0,5199
2022,36,2022-09-05,Need State 3,1989160.5,4343280.0,427062.75,6813.75,194817.0,11544
2022,36,2022-09-05,Need State 4,689942.25,1757538.75,414355.5,8436.0,426658.5,2721
2022,36,2022-09-05,Need State 5,452604.0,1189380.75,96456.75,2079.75,428981.25,15816
2022,37,2022-09-12,Need State 1,2909547.75,4976157.0,533272.5,3075.0,430035.75,16301
2022,37,2022-09-12,Need State 2,1446336.75,2563157.25,333474.0,6070.5,775083.75,12371
2022,37,2022-09-12,Need State 3,1861782.75,4360881.75,324510.0,5092.5,459683.25,8217
2022,37,2022-09-12,Need State 4,693429.75,1943980.5,425793.0,7473.75,720237.0,2752
2022,37,2022-09-12,Need State 5,433686.0,1096438.5,50045.25,988.5,437718.75,9184
2022,38,2022-09-19,Need State 1,2665997.25,4896705.0,495897.75,3638.25,226007.25,6738
2022,38,2022-09-19,Need State 2,2420382.75,2582879.25,374175.0,7338.0,727547.25,14704
2022,38,2022-09-19,Need State 3,1953405.0,4358287.5,315984.75,5372.25,510553.5,12059
2022,38,2022-09-19,Need State 4,918633.0,1987367.25,429482.25,8941.5,469861.5,9992
2022,38,2022-09-19,Need State 5,459414.75,1007789.25,37590.75,923.25,357991.5,17348
2022,39,2022-09-26,Need State 1,3125546.25,4772262.0,437820.75,3049.5,903702.75,4873
2022,39,2022-09-26,Need State 2,2772738.0,2548498.5,323683.5,6208.5,363558.75,2995
2022,39,2022-09-26,Need State 3,1952876.25,4318834.5,307959.0,6168.75,348709.5,2290
2022,39,2022-09-26,Need State 4,779666.25,2008033.5,458910.0,8235.75,372435.75,16563
2022,39,2022-09-26,Need State 5,488124.0,1036809.0,39851.25,465.75,539021.25,13689
2022,40,2022-10-03,Need State 1,3316052.25,4738911.0,455137.5,3129.75,404039.25,11952
2022,40,2022-10-03,Need State 2,1220753.25,2636403.0,386416.5,6656.25,474627.0,11110
2022,40,2022-10-03,Need State 3,1999046.25,4283952.0,397505.25,7268.25,311898.75,6528
2022,40,2022-10-03,Need State 4,788526.0,1986626.25,471364.5,8616.75,494211.0,3329
2022,40,2022-10-03,Need State 5,459783.75,1005540.75,37157.25,547.5,768370.5,18973
2022,41,2022-10-10,Need State 1,3108552.75,4722896.25,402846.0,3091.5,467307.75,2335
2022,41,2022-10-10,Need State 2,925930.5,3457602.0,327807.0,6437.25,136749.0,12424
2022,41,2022-10-10,Need State 3,1799096.25,4460423.25,302183.25,5062.5,84457.5,4209
2022,41,2022-10-10,Need State 4,756666.75,2111101.5,411277.5,7726.5,333120.75,2903
2022,41,2022-10-10,Need State 5,474422.25,998282.25,38195.25,612.75,294296.25,14558
2022,42,2022-10-17,Need State 1,2974602.0,4689405.0,387969.0,2377.5,355674.75,11713
2022,42,2022-10-17,Need State 2,956215.5,3719676.75,439293.75,8136.75,534037.5,19170
2022,42,2022-10-17,Need State 3,1686023.25,4539787.5,375518.25,6167.25,243857.25,6940
2022,42,2022-10-17,Need State 4,894708.75,2016443.25,444291.0,9090.0,677653.5,5704
2022,42,2022-10-17,Need State 5,447094.5,984651.75,37272.75,399.75,437852.25,17220
2022,43,2022-10-24,Need State 1,3094548.75,4710318.0,383616.75,2754.0,464072.25,13447
2022,43,2022-10-24,Need State 2,1251982.5,3615169.5,419065.5,8856.0,464114.25,1490
2022,43,2022-10-24,Need State 3,1651171.5,4468786.5,288664.5,6195.0,268193.25,10284
2022,43,2022-10-24,Need State 4,1019059.5,2047702.5,433250.25,7854.0,450099.0,6185
2022,43,2022-10-24,Need State 5,425204.25,993497.25,37506.0,678.75,231427.5,9249
2022,44,2022-10-31,Need State 1,3277149.0,4683029.25,343582.5,2427.75,584742.0,10264
2022,44,2022-10-31,Need State 2,1120938.75,3600502.5,387028.5,6453.75,403141.5,15699
2022,44,2022-10-31,Need State 3,1602914.25,4440338.25,346174.5,5993.25,359943.75,13658
2022,44,2022-10-31,Need State 4,740662.5,2062043.25,454506.75,8457.75,432845.25,16184
2022,44,2022-10-31,Need State 5,392870.25,986224.5,41302.5,683.25,263952.0,10895
2022,45,2022-11-07,Need State 1,3253697.25,4728150.0,386592.0,2514.75,341031.0,1071
2022,45,2022-11-07,Need State 2,1148763.75,3477507.0,392511.75,7784.25,412296.0,10239
2022,45,2022-11-07,Need State 3,1696687.5,4387307.25,287500.5,4446.75,291117.0,18586
2022,45,2022-11-07,Need State 4,888693.75,2121095.25,433278.0,7491.0,504084.75,4963
2022,45,2022-11-07,Need State 5,394463.25,974316.75,44122.5,526.5,631227.0,10721
2022,46,2022-11-14,Need State 1,3040413.0,4689693.75,403802.25,2583.0,290879.25,16525
2022,46,2022-11-14,Need State 2,1074644.25,3561352.5,452697.75,9892.5,294026.25,16091
2022,46,2022-11-14,Need State 3,1698433.5,4358831.25,333471.75,7068.75,290472.0,16996
2022,46,2022-11-14,Need State 4,928443.0,2069559.0,458328.75,9054.75,328572.0,3730
2022,46,2022-11-14,Need State 5,396126.75,955153.5,41511.0,738.75,1653645.0,19101
2022,47,2022-11-21,Need State 1,2987834.25,4711697.25,350793.0,2163.0,404397.75,15881
2022,47,2022-11-21,Need State 2,1167133.5,3458940.0,469730.25,10252.5,588874.5,5556
2022,47,2022-11-21,Need State 3,1679232.75,4304484.75,301569.75,5205.0,387636.75,18732
2022,47,2022-11-21,Need State 4,1058195.25,2025606.75,406249.5,8586.0,643941.0,5723
2022,47,2022-11-21,Need State 5,406467.0,952746.75,42525.0,636.75,518326.5,5314
2022,48,2022-11-28,Need State 1,3661065.75,4780105.5,331698.0,3263.25,1144957.5,17742
2022,48,2022-11-28,Need State 2,1260875.25,3466088.25,542994.0,16174.5,532884.0,8196
2022,48,2022-11-28,Need State 3,1726206.0,4247920.5,405353.25,12023.25,322858.5,15679
2022,48,2022-11-28,Need State 4,1134112.5,2100576.75,430667.25,10875.0,470153.25,3486
2022,48,2022-11-28,Need State 5,384168.0,935305.5,47463.75,1434.0,833511.75,9517
2022,49,2022-12-05,Need State 1,3625352.25,4795374.0,324807.75,4025.25,316549.5,8183
2022,49,2022-12-05,Need State 2,1102058.25,3331992.75,469477.5,17265.0,336580.5,9928
2022,49,2022-12-05,Need State 3,1645620.0,4218468.75,313395.0,11451.0,404150.25,18599
2022,49,2022-12-05,Need State 4,1003352.25,2067252.75,441932.25,11812.5,252555.0,7460
2022,49,2022-12-05,Need State 5,442544.25,922007.25,42303.75,1345.5,567624.75,9099
2022,50,2022-12-12,Need State 1,3471038.25,4865055.0,316959.0,2246.25,228326.25,6013
2022,50,2022-12-12,Need State 2,1209084.0,3287280.75,590160.75,11385.0,530332.5,8168
2022,50,2022-12-12,Need State 3,1750675.5,4267512.75,405828.75,7677.75,397554.75,6722
2022,50,2022-12-12,Need State 4,830849.25,2041471.5,475593.75,10074.75,507743.25,18565
2022,50,2022-12-12,Need State 5,407373.75,908010.0,52988.25,717.0,207589.5,8852
2022,51,2022-12-19,Need State 1,3183523.5,5007082.5,361508.25,1896.0,221402.25,18315
2022,51,2022-12-19,Need State 2,1025874.0,3043881.75,613407.75,8076.0,455372.25,15797
2022,51,2022-12-19,Need State 3,1733886.0,4136390.25,382609.5,4029.0,354156.75,1525
2022,51,2022-12-19,Need State 4,827518.5,2099023.5,422003.25,7985.25,481603.5,4349
2022,51,2022-12-19,Need State 5,419194.5,900613.5,66698.25,498.0,279925.5,15504
2022,52,2022-12-26,Need State 1,3028526.25,4985010.75,405971.25,2421.0,145563.75,12841
2022,52,2022-12-26,Need State 2,1076429.25,2886888.0,570708.75,14489.25,525502.5,6374
2022,52,2022-12-26,Need State 3,1668416.25,4010820.75,364111.5,9322.5,371010.75,18636
2022,52,2022-12-26,Need State 4,773016.0,2134194.0,351908.25,6142.5,347997.0,5033
2022,52,2022-12-26,Need State 5,434809.5,887407.5,56187.0,795.75,105966.0,17744
2023,1,2023-01-02,Need State 1,2685176.25,4910420.25,372921.75,2901.75,230725.5,5753
2023,1,2023-01-02,Need State 2,1146417.0,2801016.75,354576.0,7915.5,355815.0,11864
2023,1,2023-01-02,Need State 3,1968624.0,4040217.75,306138.0,5179.5,323960.25,5476
2023,1,2023-01-02,Need State 4,904818.75,2166131.25,424666.5,6963.0,317171.25,12584
2023,1,2023-01-02,Need State 5,397647.0,871163.25,89032.5,1221.0,212403.0,2225
2023,2,2023-01-09,Need State 1,2561793.0,5006653.5,357329.25,2919.75,402216.75,2909
2023,2,2023-01-09,Need State 2,1058606.25,3000030.0,403224.75,7142.25,304145.25,8033
2023,2,2023-01-09,Need State 3,2008068.75,3970191.75,419254.5,8040.0,309346.5,4680
2023,2,2023-01-09,Need State 4,740275.5,2126724.75,443360.25,8859.75,275616.0,10693
2023,2,2023-01-09,Need State 5,397470.75,850779.75,62028.0,937.5,591490.5,16606
2023,3,2023-01-16,Need State 1,2429256.0,5026343.25,352571.25,2760.75,227010.0,15668
2023,3,2023-01-16,Need State 2,1053596.25,2974675.5,375645.75,7864.5,332245.5,847
2023,3,2023-01-16,Need State 3,1919332.5,3895132.5,301220.25,5007.75,340034.25,5202
2023,3,2023-01-16,Need State 4,848645.25,2109055.5,430446.0,8436.0,759098.25,12939
2023,3,2023-01-16,Need State 5,367659.0,847217.25,64474.5,875.25,509800.5,19436
2023,4,2023-01-23,Need State 1,2412513.0,4955513.25,331310.25,2525.25,660403.5,3775
2023,4,2023-01-23,Need State 2,1078356.0,2832075.75,370831.5,8031.0,718207.5,2935
2023,4,2023-01-23,Need State 3,1830279.0,3760122.75,351375.75,5653.5,435669.0,10209
2023,4,2023-01-23,Need State 4,909053.25,1976418.75,345584.25,7923.75,354993.0,12465
2023,4,2023-01-23,Need State 5,449280.75,818187.0,66874.5,1019.25,457559.25,14866
2023,5,2023-01-30,Need State 1,2492638.5,4900383.75,383741.25,3274.5,216312.75,14321
2023,5,2023-01-30,Need State 2,1141356.75,2697529.5,438576.75,14619.75,282531.75,1554
2023,5,2023-01-30,Need State 3,1676644.5,3825588.75,324630.0,6666.75,320430.75,7196
2023,5,2023-01-30,Need State 4,842921.25,1948036.5,563610.0,17929.5,405148.5,9551
2023,5,2023-01-30,Need State 5,589465.5,802232.25,66686.25,1093.5,512340.75,5160
2023,6,2023-02-06,Need State 1,2230342.5,5088563.25,307953.75,2631.0,470031.75,3752
2023,6,2023-02-06,Need State 2,1097309.25,2796938.25,412379.25,11294.25,447660.75,3008
2023,6,2023-02-06,Need State 3,1651904.25,4093663.5,361350.0,6546.75,511701.0,17276
2023,6,2023-02-06,Need State 4,789990.0,2087362.5,348691.5,9504.75,499875.0,16874
2023,6,2023-02-06,Need State 5,909300.0,825597.0,78102.75,2187.0,317072.25,11604
2023,7,2023-02-13,Need State 1,2440125.75,5251161.75,318695.25,2621.25,970320.75,3968
2023,7,2023-02-13,Need State 2,1166010.0,2784809.25,342176.25,6878.25,524059.5,14638
2023,7,2023-02-13,Need State 3,1812268.5,4045340.25,327872.25,5243.25,313763.25,7966
2023,7,2023-02-13,Need State 4,896537.25,2217171.0,428863.5,8709.0,417354.75,15719
2023,7,2023-02-13,Need State 5,890652.0,847074.0,141602.25,4014.75,247135.5,9881
2023,8,2023-02-20,Need State 1,2501891.25,5243783.25,324699.75,2297.25,675896.25,2071
2023,8,2023-02-20,Need State 2,1150257.75,2768440.5,416317.5,7881.75,273267.75,6183
2023,8,2023-02-20,Need State 3,1771330.5,3939936.0,370796.25,7605.75,193104.75,13685
2023,8,2023-02-20,Need State 4,948733.5,2139426.0,384984.75,7854.0,266517.75,2409
2023,8,2023-02-20,Need State 5,692556.0,802491.75,66030.75,2139.75,277707.0,8878
2023,9,2023-02-27,Need State 1,3217599.75,5384493.75,316498.5,2717.25,490109.25,9207
2023,9,2023-02-27,Need State 2,973191.0,3038168.25,399917.25,7542.0,261685.5,8043
2023,9,2023-02-27,Need State 3,1758748.5,4254617.25,309635.25,5856.0,145835.25,16806
2023,9,2023-02-27,Need State 4,777046.5,2053258.5,411399.0,9372.75,347949.75,15356
2023,9,2023-02-27,Need State 5,694999.5,1054866.0,72634.5,1893.0,1066735.5,1764
2023,10,2023-03-06,Need State 1,3518763.75,5390856.75,338994.75,3062.25,491008.5,8276
2023,10,2023-03-06,Need State 2,1151317.5,3083718.75,520320.0,8510.25,592058.25,3854
2023,10,2023-03-06,Need State 3,1657672.5,4260697.5,367994.25,7410.0,138671.25,5227
2023,10,2023-03-06,Need State 4,913407.0,2038203.75,430935.75,8770.5,399438.0,16018
2023,10,2023-03-06,Need State 5,1021075.5,1045353.0,124755.75,3548.25,1108142.25,8803
2023,11,2023-03-13,Need State 1,3397206.0,5571762.0,331202.25,2283.75,308736.0,4348
2023,11,2023-03-13,Need State 2,1108060.5,2977509.0,396754.5,8500.5,129294.0,10779
2023,11,2023-03-13,Need State 3,1476519.0,4225311.0,285425.25,5521.5,163649.25,19917
2023,11,2023-03-13,Need State 4,838152.0,1970043.0,409077.75,8442.0,335752.5,4175
2023,11,2023-03-13,Need State 5,1064807.25,1064654.25,75292.5,1425.75,547003.5,16816
2023,12,2023-03-20,Need State 1,2698265.25,5648067.0,392841.0,3463.5,1049037.75,15176
2023,12,2023-03-20,Need State 2,1129199.25,2981382.0,450873.75,8667.75,621302.25,19843
2023,12,2023-03-20,Need State 3,1425175.5,4231951.5,331062.75,7584.75,218181.75,13690
2023,12,2023-03-20,Need State 4,859779.0,1948406.25,387983.25,9414.75,453015.75,2156
2023,12,2023-03-20,Need State 5,2111475.75,1118236.5,85533.0,2628.75,791797.5,7584
2023,13,2023-03-27,Need State 1,3158437.5,6180496.5,415261.5,2735.25,645898.5,8510
2023,13,2023-03-27,Need State 2,1267627.5,2941261.5,377766.75,6966.0,514803.0,19304
2023,13,2023-03-27,Need State 3,1428066.75,4152274.5,293667.75,5775.75,385325.25,19307
2023,13,2023-03-27,Need State 4,822052.5,1962693.75,414111.75,8088.0,466305.0,1097
2023,13,2023-03-27,Need State 5,2072829.0,1645695.0,137568.0,2742.0,700515.75,6450
2023,14,2023-04-03,Need State 1,3855705.0,6094402.5,446516.25,3575.25,1002380.25,15391
2023,14,2023-04-03,Need State 2,1291778.25,2901647.25,411349.5,8259.0,257869.5,5337
2023,14,2023-04-03,Need State 3,1456476.75,4103604.0,304743.0,4848.0,194237.25,9178
2023,14,2023-04-03,Need State 4,854073.0,1923116.25,392545.5,7207.5,285252.75,16289
2023,14,2023-04-03,Need State 5,2560203.75,1824270.0,103520.25,2496.75,162457.5,2378
2023,15,2023-04-10,Need State 1,5030837.25,6053844.75,509654.25,2765.25,1767828.75,16705
2023,15,2023-04-10,Need State 2,1089825.0,3007368.0,348357.0,6927.75,517135.5,7096
2023,15,2023-04-10,Need State 3,1494264.0,4040763.75,243654.75,4256.25,359034.0,9614
2023,15,2023-04-10,Need State 4,881612.25,2040567.0,415935.0,6756.0,421256.25,5464
2023,15,2023-04-10,Need State 5,2159019.75,3129303.75,314976.75,7094.25,1151739.0,14354
2023,16,2023-04-17,Need State 1,4238141.25,6152012.25,604993.5,4332.0,176432.25,13521
2023,16,2023-04-17,Need State 2,1045601.25,3201684.0,419491.5,9660.75,394596.0,12679
2023,16,2023-04-17,Need State 3,1431959.25,3990035.25,358572.0,8676.75,336595.5,16725
2023,16,2023-04-17,Need State 4,782655.75,1954765.5,414772.5,10069.5,367767.75,2623
2023,16,2023-04-17,Need State 5,2117635.5,3420489.75,271800.0,6849.75,840242.25,9439
2023,17,2023-04-24,Need State 1,3847645.5,6788016.75,677659.5,4167.75,269017.5,15707
2023,17,2023-04-24,Need State 2,933551.25,3304561.5,409578.0,8663.25,289171.5,1855
2023,17,2023-04-24,Need State 3,1569234.75,4029068.25,290220.0,6813.75,483687.0,15710
2023,17,2023-04-24,Need State 4,765595.5,1935546.75,446573.25,9841.5,368679.75,3173
2023,17,2023-04-24,Need State 5,2152863.75,3359925.0,322632.0,5802.0,787181.25,8923
2023,18,2023-05-01,Need State 1,3618423.0,6619290.0,607311.0,4409.25,206453.25,15438
2023,18,2023-05-01,Need State 2,1016901.0,3289032.75,388634.25,8235.0,416315.25,5383
2023,18,2023-05-01,Need State 3,1763937.75,4136326.5,334182.75,6177.75,472200.0,19529
2023,18,2023-05-01,Need State 4,890931.75,1913772.0,402546.75,7993.5,413159.25,6819
2023,18,2023-05-01,Need State 5,2732151.0,3216064.5,274773.0,4909.5,351789.0,1318
2023,19,2023-05-08,Need State 1,3430333.5,6432805.5,756333.0,5298.75,390882.75,13488
2023,19,2023-05-08,Need State 2,913278.75,3264470.25,359190.0,7530.75,464193.0,18718
2023,19,2023-05-08,Need State 3,1689355.5,4042740.0,281482.5,6449.25,327549.75,13302
2023,19,2023-05-08,Need State 4,785277.75,1879980.0,397827.0,7897.5,458248.5,7647
2023,19,2023-05-08,Need State 5,3832422.0,3197670.75,473654.25,7177.5,481986.75,3872
2023,20,2023-05-15,Need State 1,3674338.5,6110029.5,917866.5,6633.75,1487977.5,15138
2023,20,2023-05-15,Need State 2,1048827.0,3289570.5,454953.75,9257.25,375784.5,1998
2023,20,2023-05-15,Need State 3,1359511.5,4089228.0,334521.75,6885.75,217059.75,12886
2023,20,2023-05-15,Need State 4,730473.75,1909666.5,401926.5,8042.25,291272.25,8351
2023,20,2023-05-15,Need State 5,3488066.25,2999379.0,501765.0,8891.25,203718.0,13898
2023,21,2023-05-22,Need State 1,3849968.25,5903399.25,766143.75,5106.0,698655.75,17033
2023,21,2023-05-22,Need State 2,910810.5,3201299.25,328719.75,5958.75,361045.5,9994
2023,21,2023-05-22,Need State 3,1303293.0,4389885.0,269499.75,5414.25,276441.0,5937
2023,21,2023-05-22,Need State 4,639576.75,1926390.0,396840.0,7575.75,364135.5,17745
2023,21,2023-05-22,Need State 5,2868719.25,2870152.5,470071.5,11021.25,638432.25,13669
2023,22,2023-05-29,Need State 1,3583233.75,5852058.75,795881.25,6156.0,746046.75,1639
2023,22,2023-05-29,Need State 2,1030058.25,3198989.25,476118.0,9289.5,437103.0,8282
2023,22,2023-05-29,Need State 3,1432830.75,4318233.75,333930.75,6283.5,278223.75,9421
2023,22,2023-05-29,Need State 4,688359.75,1881789.75,387147.0,8646.0,386433.75,6231
2023,22,2023-05-29,Need State 5,3174200.25,3235680.75,421236.75,5580.75,306576.0,11709
2023,23,2023-06-05,Need State 1,3596845.5,5992884.75,807651.0,6244.5,999733.5,6824
2023,23,2023-06-05,Need State 2,945119.25,3145630.5,384534.75,7449.0,400559.25,18878
2023,23,2023-06-05,Need State 3,1321146.0,4227395.25,292230.75,6373.5,216627.75,4078
2023,23,2023-06-05,Need State 4,702827.25,1871404.5,415022.25,8259.75,553309.5,6520
2023,23,2023-06-05,Need State 5,3005011.5,3053439.75,459377.25,10229.25,325687.5,15664
2023,24,2023-06-12,Need State 1,2982873.0,5929123.5,641279.25,7345.5,531712.5,4180
2023,24,2023-06-12,Need State 2,906209.25,3200705.25,402104.25,7594.5,248578.5,6186
2023,24,2023-06-12,Need State 3,1280101.5,4204266.0,376217.25,8634.0,244434.0,16016
2023,24,2023-06-12,Need State 4,797844.75,1874183.25,427945.5,7887.75,288504.0,17414
2023,24,2023-06-12,Need State 5,2925531.0,2989061.25,229480.5,4476.75,1348201.5,18015
2023,25,2023-06-19,Need State 1,2719136.25,6273795.75,742467.0,4947.75,377751.0,1768
2023,25,2023-06-19,Need State 2,824258.25,3178018.5,329693.25,6601.5,384285.75,18200
2023,25,2023-06-19,Need State 3,1244274.0,4104301.5,294372.75,7368.75,635149.5,18991
2023,25,2023-06-19,Need State 4,534352.5,1920629.25,356530.5,6587.25,423143.25,10627
2023,25,2023-06-19,Need State 5,2823924.0,3015936.75,223968.0,3870.75,562329.75,6115
2023,26,2023-06-26,Need State 1,2796876.75,6259001.25,651739.5,5104.5,250761.0,4944
2023,26,2023-06-26,Need State 2,885282.75,3141670.5,365973.75,6876.75,396233.25,13853
2023,26,2023-06-26,Need State 3,1558986.0,4079300.25,345997.5,7879.5,495052.5,8154
2023,26,2023-06-26,Need State 4,717048.75,1901064.75,383082.0,6353.25,365324.25,8637
2023,26,2023-06-26,Need State 5,2585373.75,3000201.0,367922.25,8675.25,355639.5,3126
2023,27,2023-07-03,Need State 1,3023767.5,6118750.5,612801.0,5976.75,1204352.25,19109
2023,27,2023-07-03,Need State 2,905992.5,3072729.75,348327.0,5448.75,282381.0,18549
2023,27,2023-07-03,Need State 3,1835859.75,4000703.25,284214.75,4768.5,298498.5,553
2023,27,2023-07-03,Need State 4,674379.0,1827056.25,392626.5,7467.0,278976.0,17279
2023,27,2023-07-03,Need State 5,2379864.0,2928231.0,567182.25,7122.0,588289.5,13896
2023,28,2023-07-10,Need State 1,3168278.25,6047895.0,583380.0,3849.75,367971.0,5981
2023,28,2023-07-10,Need State 2,891232.5,3050556.0,396051.75,8272.5,472785.0,934
2023,28,2023-07-10,Need State 3,1212879.0,4021671.75,334276.5,7866.0,344888.25,4181
2023,28,2023-07-10,Need State 4,676046.25,1811348.25,402841.5,7537.5,452683.5,13416
2023,28,2023-07-10,Need State 5,2156871.0,2591512.5,350797.5,7592.25,571829.25,11442
2023,29,2023-07-17,Need State 1,2650710.0,5961830.25,517752.0,3991.5,868491.75,1010
2023,29,2023-07-17,Need State 2,869301.75,3004700.25,358400.25,6987.75,386856.75,15175
2023,29,2023-07-17,Need State 3,1250692.5,4552430.25,330488.25,6985.5,351816.75,13121
2023,29,2023-07-17,Need State 4,689622.0,1833916.5,392454.0,6676.5,458682.0,10627
2023,29,2023-07-17,Need State 5,2092743.0,2560828.5,322473.0,3705.0,613476.75,9603
2023,30,2023-07-24,Need State 1,3139342.5,6084506.25,538866.75,3461.25,770667.0,12629
2023,30,2023-07-24,Need State 2,827696.25,3030429.0,349249.5,5758.5,602944.5,3156
2023,30,2023-07-24,Need State 3,1354209.0,4498290.0,332345.25,7682.25,543558.0,19118
2023,30,2023-07-24,Need State 4,697680.75,1801557.0,384915.0,7437.0,445416.75,15498
2023,30,2023-07-24,Need State 5,1943230.5,2424017.25,234322.5,3881.25,547067.25,11066
2023,31,2023-07-31,Need State 1,3175792.5,5911157.25,507602.25,3765.75,557550.75,3259
2023,31,2023-07-31,Need State 2,1013453.25,3099784.5,393296.25,7765.5,392298.75,19389
2023,31,2023-07-31,Need State 3,1551147.75,4378878.0,339026.25,6594.75,406000.5,18497
2023,31,2023-07-31,Need State 4,818582.25,1801709.25,457410.0,7371.0,556152.75,17042
2023,31,2023-07-31,Need State 5,1833880.5,2335992.0,325967.25,5003.25,360810.0,13210
2023,32,2023-08-07,Need State 1,2821797.75,5842101.0,465302.25,2844.0,483608.25,16012
2023,32,2023-08-07,Need State 2,823203.0,3127488.75,362776.5,6812.25,282449.25,7081
2023,32,2023-08-07,Need State 3,1093608.0,4335534.0,335833.5,6403.5,215514.0,1857
2023,32,2023-08-07,Need State 4,686121.75,1771965.75,422901.0,7686.0,289188.75,13673
2023,32,2023-08-07,Need State 5,1731748.5,2165239.5,196348.5,4181.25,714004.5,17362
2023,33,2023-08-14,Need State 1,2643208.5,6276078.0,541957.5,3442.5,433434.0,7969
2023,33,2023-08-14,Need State 2,811423.5,3365649.75,346780.5,5285.25,259446.75,10631
2023,33,2023-08-14,Need State 3,1091835.75,4851850.5,298444.5,5403.75,217524.75,5264
2023,33,2023-08-14,Need State 4,682984.5,1837731.75,408390.75,7364.25,464343.0,4987
2023,33,2023-08-14,Need State 5,1649125.5,2146356.75,203193.0,2303.25,1046736.0,11985
2023,34,2023-08-21,Need State 1,2648890.5,6414123.0,606539.25,4605.0,724118.25,12031
2023,34,2023-08-21,Need State 2,804647.25,3359758.5,432546.0,7611.75,877786.5,2287
2023,34,2023-08-21,Need State 3,1087815.75,4776393.0,360573.75,8136.0,512045.25,2838
2023,34,2023-08-21,Need State 4,753938.25,1993696.5,445827.0,8100.0,644532.75,5168
2023,34,2023-08-21,Need State 5,1592987.25,2009585.25,121110.0,2762.25,532166.25,10136
2023,35,2023-08-28,Need State 1,2479165.5,6547731.0,634995.0,3937.5,330154.5,18593
2023,35,2023-08-28,Need State 2,1156338.75,3317178.75,335984.25,4529.25,535204.5,9717
2023,35,2023-08-28,Need State 3,1306881.0,4692345.75,284043.0,4803.75,385449.0,11765
2023,35,2023-08-28,Need State 4,834726.75,1942001.25,420930.75,9905.25,552603.0,5804
2023,35,2023-08-28,Need State 5,1546667.25,1949164.5,102096.75,1339.5,351393.0,9437
2023,36,2023-09-04,Need State 1,2300062.5,6333866.25,636396.0,3063.75,348156.75,8849
2023,36,2023-09-04,Need State 2,1301664.75,3288483.0,391353.0,6837.75,529875.75,13671
2023,36,2023-09-04,Need State 3,1189347.75,4604033.25,349973.25,6606.0,249826.5,7148
2023,36,2023-09-04,Need State 4,751458.0,1954796.25,389948.25,7820.25,212412.75,16060
2023,36,2023-09-04,Need State 5,1517832.75,1905132.0,131212.5,2147.25,491935.5,12835
2023,37,2023-09-11,Need State 1,2185227.0,6104029.5,467595.0,2633.25,310632.0,13774
2023,37,2023-09-11,Need State 2,1609150.5,3322784.25,358837.5,7330.5,622177.5,3165
2023,37,2023-09-11,Need State 3,1328611.5,4671575.25,258033.75,4928.25,530941.5,11820
2023,37,2023-09-11,Need State 4,755162.25,1997831.25,435971.25,8358.75,438662.25,7707
2023,37,2023-09-11,Need State 5,1501643.25,1794207.0,54834.75,1051.5,586676.25,13570
2023,38,2023-09-18,Need State 1,2169018.0,6068694.0,449606.25,2598.0,456982.5,5617
2023,38,2023-09-18,Need State 2,2515116.75,3394207.5,402045.75,6317.25,570400.5,13279
2023,38,2023-09-18,Need State 3,1380191.25,4693923.75,288267.75,4743.0,355029.0,17354
2023,38,2023-09-18,Need State 4,817476.75,2023952.25,495011.25,9430.5,432406.5,18168
2023,38,2023-09-18,Need State 5,1476577.5,1657944.0,49947.75,813.75,492169.5,4730
2023,39,2023-09-25,Need State 1,2101831.5,5972203.5,405447.75,2917.5,436667.25,8446
2023,39,2023-09-25,Need State 2,2156817.0,3331006.5,338208.0,7203.0,373893.75,16559
2023,39,2023-09-25,Need State 3,1110234.75,4701059.25,281512.5,6272.25,199078.5,18401
2023,39,2023-09-25,Need State 4,750872.25,1918959.75,417241.5,7305.0,460226.25,1454
2023,39,2023-09-25,Need State 5,1426885.5,1442409.75,43021.5,663.75,642145.5,5446
2023,40,2023-10-02,Need State 1,2196104.25,5952818.25,456428.25,3638.25,356974.5,19765
2023,40,2023-10-02,Need State 2,995430.75,3338073.75,391362.0,6395.25,296038.5,6808
2023,40,2023-10-02,Need State 3,1053929.25,4648060.5,331614.0,6846.0,301844.25,12315
2023,40,2023-10-02,Need State 4,681066.0,1958751.0,417587.25,7388.25,359041.5,7796
2023,40,2023-10-02,Need State 5,1386183.75,1373699.25,57792.75,698.25,628323.75,3452
2023,41,2023-10-09,Need State 1,2191140.0,5903348.25,338671.5,2469.0,550887.0,2918
2023,41,2023-10-09,Need State 2,1084670.25,4117591.5,351225.75,6606.75,221686.5,2361
2023,41,2023-10-09,Need State 3,1180187.25,4954347.0,271016.25,5431.5,121078.5,15546
2023,41,2023-10-09,Need State 4,737967.0,1948076.25,418831.5,8591.25,240855.75,7217
2023,41,2023-10-09,Need State 5,1352883.75,1329480.75,36111.0,928.5,600489.0,9652
