,Year,Week,Date,Need States,Dc Amount,Store Amt On Hand
0,2021,1,2021-01-04,Need State 1,1445929.5,3667244.25
1,2021,1,2021-01-04,Need State 2,2405549.25,2784957.75
2,2021,1,2021-01-04,Need State 3,1618319.25,3838764.0
3,2021,1,2021-01-04,Need State 4,1271980.5,1893348.0
4,2021,1,2021-01-04,Need State 5,601577.25,1055337.75
5,2021,1,2021-01-04,Need State 6,1708055.25,2678521.5
6,2021,2,2021-01-11,Need State 1,1615275.0,3622755.0
7,2021,2,2021-01-11,Need State 2,2256024.75,2885244.0
8,2021,2,2021-01-11,Need State 3,1780801.5,3921396.0
9,2021,2,2021-01-11,Need State 4,1625886.75,1880787.75
10,2021,2,2021-01-11,Need State 5,601776.75,1049389.5
11,2021,2,2021-01-11,Need State 6,2044693.5,2697240.0
12,2021,3,2021-01-18,Need State 1,1389862.5,3573918.75
13,2021,3,2021-01-18,Need State 2,2183392.5,2834505.0
14,2021,3,2021-01-18,Need State 3,1665248.25,3816876.75
15,2021,3,2021-01-18,Need State 4,1413519.0,1885237.5
16,2021,3,2021-01-18,Need State 5,670983.0,1050538.5
17,2021,3,2021-01-18,Need State 6,1730494.5,2782791.75
18,2021,4,2021-01-25,Need State 1,1111251.0,3528955.5
19,2021,4,2021-01-25,Need State 2,2095967.25,2806603.5
20,2021,4,2021-01-25,Need State 3,1928427.0,3752643.75
21,2021,4,2021-01-25,Need State 4,1116680.25,1901020.5
22,2021,4,2021-01-25,Need State 5,624003.0,1042530.0
23,2021,4,2021-01-25,Need State 6,1720944.0,2761587.75
24,2021,5,2021-02-01,Need State 1,1040040.75,3538705.5
25,2021,5,2021-02-01,Need State 2,2057765.25,2907480.75
26,2021,5,2021-02-01,Need State 3,2176682.25,3815256.0
27,2021,5,2021-02-01,Need State 4,1160288.25,1926643.5
28,2021,5,2021-02-01,Need State 5,602572.5,1041183.75
29,2021,5,2021-02-01,Need State 6,1670751.0,2876609.25
30,2021,6,2021-02-08,Need State 1,1281405.0,3591575.25
31,2021,6,2021-02-08,Need State 2,1956306.0,2807937.75
32,2021,6,2021-02-08,Need State 3,1809162.75,3892614.0
33,2021,6,2021-02-08,Need State 4,1132392.0,1824061.5
34,2021,6,2021-02-08,Need State 5,588169.5,1036358.25
35,2021,6,2021-02-08,Need State 6,1604854.5,2802006.75
36,2021,7,2021-02-15,Need State 1,1516268.25,3553807.5
37,2021,7,2021-02-15,Need State 2,1975357.5,2782643.25
38,2021,7,2021-02-15,Need State 3,1624469.25,3899664.75
39,2021,7,2021-02-15,Need State 4,1035630.0,1908308.25
40,2021,7,2021-02-15,Need State 5,706590.0,1037391.0
41,2021,7,2021-02-15,Need State 6,1789930.5,2801581.5
42,2021,8,2021-02-22,Need State 1,1982263.5,3485017.5
43,2021,8,2021-02-22,Need State 2,1883883.0,2722957.5
44,2021,8,2021-02-22,Need State 3,1660566.75,3981648.75
45,2021,8,2021-02-22,Need State 4,1157476.5,1891306.5
46,2021,8,2021-02-22,Need State 5,859293.75,1026291.0
47,2021,8,2021-02-22,Need State 6,1838221.5,2752755.75
48,2021,9,2021-03-01,Need State 1,2972025.75,3438627.75
49,2021,9,2021-03-01,Need State 2,1716895.5,2775000.0
50,2021,9,2021-03-01,Need State 3,1558020.0,4303237.5
51,2021,9,2021-03-01,Need State 4,1084067.25,2020867.5
52,2021,9,2021-03-01,Need State 5,646471.5,1039451.25
53,2021,9,2021-03-01,Need State 6,1663448.25,2758235.25
54,2021,10,2021-03-08,Need State 1,3278752.5,3430857.0
55,2021,10,2021-03-08,Need State 2,1609705.5,2792142.75
56,2021,10,2021-03-08,Need State 3,1596435.75,4378400.25
57,2021,10,2021-03-08,Need State 4,1027109.25,1942113.75
58,2021,10,2021-03-08,Need State 5,949260.0,1180793.25
59,2021,10,2021-03-08,Need State 6,1460872.5,2725902.0
60,2021,11,2021-03-15,Need State 1,2863174.5,3518499.0
61,2021,11,2021-03-15,Need State 2,1558604.25,2819067.0
62,2021,11,2021-03-15,Need State 3,1510045.5,4256257.5
63,2021,11,2021-03-15,Need State 4,991081.5,2029211.25
64,2021,11,2021-03-15,Need State 5,1119555.0,1426484.25
65,2021,11,2021-03-15,Need State 6,1290471.75,2750638.5
66,2021,12,2021-03-22,Need State 1,3563919.0,3594399.75
67,2021,12,2021-03-22,Need State 2,1541204.25,2773255.5
68,2021,12,2021-03-22,Need State 3,1526031.0,4255254.75
69,2021,12,2021-03-22,Need State 4,1170124.5,1970055.0
70,2021,12,2021-03-22,Need State 5,621969.75,1440278.25
71,2021,12,2021-03-22,Need State 6,1349546.25,2640159.75
72,2021,13,2021-03-29,Need State 1,4798523.25,5535069.0
73,2021,13,2021-03-29,Need State 2,1620745.5,2756580.75
74,2021,13,2021-03-29,Need State 3,1521311.25,4215314.25
75,2021,13,2021-03-29,Need State 4,1090771.5,2062767.0
76,2021,13,2021-03-29,Need State 5,1147593.75,2117340.75
77,2021,13,2021-03-29,Need State 6,1788789.75,2740664.25
78,2021,14,2021-04-05,Need State 1,4489884.75,5355290.25
79,2021,14,2021-04-05,Need State 2,1702234.5,2634107.25
80,2021,14,2021-04-05,Need State 3,1799645.25,4080860.25
81,2021,14,2021-04-05,Need State 4,1130388.75,1922370.0
82,2021,14,2021-04-05,Need State 5,1384758.75,2920119.0
83,2021,14,2021-04-05,Need State 6,1537236.75,2673381.0
84,2021,15,2021-04-12,Need State 1,4716588.75,5397090.0
85,2021,15,2021-04-12,Need State 2,1548697.5,2652678.75
86,2021,15,2021-04-12,Need State 3,1619382.75,4038381.0
87,2021,15,2021-04-12,Need State 4,1009769.25,1968021.75
88,2021,15,2021-04-12,Need State 5,1538060.25,3106954.5
89,2021,15,2021-04-12,Need State 6,1681434.0,2840211.75
90,2021,16,2021-04-19,Need State 1,4819831.5,5164899.0
91,2021,16,2021-04-19,Need State 2,1391682.0,2637725.25
92,2021,16,2021-04-19,Need State 3,1660808.25,4025804.25
93,2021,16,2021-04-19,Need State 4,1048158.0,1994679.0
94,2021,16,2021-04-19,Need State 5,1767557.25,2933437.5
95,2021,16,2021-04-19,Need State 6,1744170.0,2925371.25
96,2021,17,2021-04-26,Need State 1,4738584.0,5607678.0
97,2021,17,2021-04-26,Need State 2,1275079.5,2596359.0
98,2021,17,2021-04-26,Need State 3,1560168.75,4114212.75
99,2021,17,2021-04-26,Need State 4,1045552.5,1839399.75
100,2021,17,2021-04-26,Need State 5,1871906.25,2954375.25
101,2021,17,2021-04-26,Need State 6,1576297.5,3272585.25
102,2021,18,2021-05-03,Need State 1,4768413.75,5416505.25
103,2021,18,2021-05-03,Need State 2,1146483.75,2548607.25
104,2021,18,2021-05-03,Need State 3,1455246.0,3989791.5
105,2021,18,2021-05-03,Need State 4,1046663.25,1922343.0
106,2021,18,2021-05-03,Need State 5,2165765.25,2860964.25
107,2021,18,2021-05-03,Need State 6,1479793.5,3137842.5
108,2021,19,2021-05-10,Need State 1,4185400.5,5377881.0
109,2021,19,2021-05-10,Need State 2,1050811.5,2477178.75
110,2021,19,2021-05-10,Need State 3,1371755.25,3961887.75
111,2021,19,2021-05-10,Need State 4,975624.0,1894047.75
112,2021,19,2021-05-10,Need State 5,2000991.0,2879776.5
113,2021,19,2021-05-10,Need State 6,1363840.5,3079540.5
114,2021,20,2021-05-17,Need State 1,3583250.25,5136009.0
115,2021,20,2021-05-17,Need State 2,868528.5,2407791.0
116,2021,20,2021-05-17,Need State 3,1223383.5,3960268.5
117,2021,20,2021-05-17,Need State 4,955018.5,1817964.75
118,2021,20,2021-05-17,Need State 5,1685070.0,2803767.0
119,2021,20,2021-05-17,Need State 6,1499818.5,3003623.25
120,2021,21,2021-05-24,Need State 1,4222021.5,5352915.75
121,2021,21,2021-05-24,Need State 2,967109.25,2363865.0
122,2021,21,2021-05-24,Need State 3,1291726.5,3856012.5
123,2021,21,2021-05-24,Need State 4,737964.75,1900607.25
124,2021,21,2021-05-24,Need State 5,1376120.25,2744557.5
125,2021,21,2021-05-24,Need State 6,1743870.75,2911711.5
126,2021,22,2021-05-31,Need State 1,3720159.75,5118456.75
127,2021,22,2021-05-31,Need State 2,947630.25,2310818.25
128,2021,22,2021-05-31,Need State 3,1263054.75,3811452.0
129,2021,22,2021-05-31,Need State 4,668391.0,1806172.5
130,2021,22,2021-05-31,Need State 5,1171755.0,2728202.25
131,2021,22,2021-05-31,Need State 6,1767940.5,2751394.5
132,2021,23,2021-06-07,Need State 1,3057247.5,4931239.5
133,2021,23,2021-06-07,Need State 2,1008118.5,2371276.5
134,2021,23,2021-06-07,Need State 3,1341347.25,3720621.0
135,2021,23,2021-06-07,Need State 4,718674.0,1791743.25
136,2021,23,2021-06-07,Need State 5,1096478.25,2593535.25
137,2021,23,2021-06-07,Need State 6,1824477.75,2767479.0
138,2021,24,2021-06-14,Need State 1,2618924.25,4965363.0
139,2021,24,2021-06-14,Need State 2,1035546.0,2400779.25
140,2021,24,2021-06-14,Need State 3,1431467.25,3743088.0
141,2021,24,2021-06-14,Need State 4,854339.25,1786854.75
142,2021,24,2021-06-14,Need State 5,1051805.25,2451822.0
143,2021,24,2021-06-14,Need State 6,1646009.25,2780427.75
144,2021,25,2021-06-21,Need State 1,2493813.75,5521113.0
145,2021,25,2021-06-21,Need State 2,1138927.5,2421497.25
146,2021,25,2021-06-21,Need State 3,1583995.5,3708614.25
147,2021,25,2021-06-21,Need State 4,797413.5,1887614.25
148,2021,25,2021-06-21,Need State 5,877903.5,2425776.75
149,2021,25,2021-06-21,Need State 6,1826739.0,2871897.0
150,2021,26,2021-06-28,Need State 1,2210718.75,5171770.5
151,2021,26,2021-06-28,Need State 2,1111259.25,2436282.0
152,2021,26,2021-06-28,Need State 3,1459056.0,3845141.25
153,2021,26,2021-06-28,Need State 4,699206.25,1955033.25
154,2021,26,2021-06-28,Need State 5,732788.25,2325798.0
155,2021,26,2021-06-28,Need State 6,1621996.5,2766897.75
156,2021,27,2021-07-05,Need State 1,2800599.0,4893369.0
157,2021,27,2021-07-05,Need State 2,1324496.25,2417480.25
158,2021,27,2021-07-05,Need State 3,1745280.75,3677203.5
159,2021,27,2021-07-05,Need State 4,778773.75,1917724.5
160,2021,27,2021-07-05,Need State 5,566187.0,2216307.0
161,2021,27,2021-07-05,Need State 6,1546185.75,2614302.0
162,2021,28,2021-07-12,Need State 1,2485851.75,4834065.75
163,2021,28,2021-07-12,Need State 2,1349715.75,2390312.25
164,2021,28,2021-07-12,Need State 3,1986576.75,3783186.0
165,2021,28,2021-07-12,Need State 4,855797.25,1879984.5
166,2021,28,2021-07-12,Need State 5,634808.25,2051960.25
167,2021,28,2021-07-12,Need State 6,1573091.25,2653616.25
168,2021,29,2021-07-19,Need State 1,1875072.75,4766124.0
169,2021,29,2021-07-19,Need State 2,1154028.75,2401224.75
170,2021,29,2021-07-19,Need State 3,1820496.0,4290505.5
171,2021,29,2021-07-19,Need State 4,566878.5,2017026.0
172,2021,29,2021-07-19,Need State 5,569079.75,2022538.5
173,2021,29,2021-07-19,Need State 6,1293765.0,3060789.0
174,2021,30,2021-07-26,Need State 1,2189743.5,4648371.75
175,2021,30,2021-07-26,Need State 2,1111641.75,2396415.75
176,2021,30,2021-07-26,Need State 3,1806902.25,4330515.0
177,2021,30,2021-07-26,Need State 4,765851.25,1952043.75
178,2021,30,2021-07-26,Need State 5,540206.25,1928239.5
179,2021,30,2021-07-26,Need State 6,1313214.0,3056483.25
180,2021,31,2021-08-02,Need State 1,2304342.0,4475928.0
181,2021,31,2021-08-02,Need State 2,1312462.5,2581758.75
182,2021,31,2021-08-02,Need State 3,1583692.5,4288314.0
183,2021,31,2021-08-02,Need State 4,711614.25,1922523.75
184,2021,31,2021-08-02,Need State 5,496543.5,1715198.25
185,2021,31,2021-08-02,Need State 6,1398315.75,2969897.25
186,2021,32,2021-08-09,Need State 1,2227295.25,4442744.25
187,2021,32,2021-08-09,Need State 2,1290095.25,2537719.5
188,2021,32,2021-08-09,Need State 3,1461759.0,4235473.5
189,2021,32,2021-08-09,Need State 4,937434.75,1868707.5
190,2021,32,2021-08-09,Need State 5,523584.75,1577806.5
191,2021,32,2021-08-09,Need State 6,1293193.5,2860116.75
192,2021,33,2021-08-16,Need State 1,2402760.0,4599898.5
193,2021,33,2021-08-16,Need State 2,1389190.5,2730018.0
194,2021,33,2021-08-16,Need State 3,1584912.75,4344857.25
195,2021,33,2021-08-16,Need State 4,1362579.75,1933717.5
196,2021,33,2021-08-16,Need State 5,491658.0,1522392.75
197,2021,33,2021-08-16,Need State 6,2015001.0,2788848.75
198,2021,34,2021-08-23,Need State 1,2229888.75,4435625.25
199,2021,34,2021-08-23,Need State 2,1262043.75,2700122.25
200,2021,34,2021-08-23,Need State 3,1441704.0,4282995.0
201,2021,34,2021-08-23,Need State 4,1240429.5,2095533.0
202,2021,34,2021-08-23,Need State 5,469830.75,1443813.0
203,2021,34,2021-08-23,Need State 6,1944154.5,2789075.25
204,2021,35,2021-08-30,Need State 1,2009406.0,4368488.25
205,2021,35,2021-08-30,Need State 2,1082334.75,2671679.25
206,2021,35,2021-08-30,Need State 3,1199376.0,4216323.0
207,2021,35,2021-08-30,Need State 4,845853.75,2182830.75
208,2021,35,2021-08-30,Need State 5,456770.25,1394332.5
209,2021,35,2021-08-30,Need State 6,1767913.5,2754104.25
210,2021,36,2021-09-06,Need State 1,1811052.75,4328462.25
211,2021,36,2021-09-06,Need State 2,892539.0,2635284.0
212,2021,36,2021-09-06,Need State 3,1071735.75,4210149.75
213,2021,36,2021-09-06,Need State 4,785573.25,2148377.25
214,2021,36,2021-09-06,Need State 5,436785.75,1352081.25
215,2021,36,2021-09-06,Need State 6,1573385.25,2780260.5
216,2021,37,2021-09-13,Need State 1,1978428.75,4202687.25
217,2021,37,2021-09-13,Need State 2,743238.0,2678554.5
218,2021,37,2021-09-13,Need State 3,950578.5,4199922.0
219,2021,37,2021-09-13,Need State 4,910599.0,2206621.5
220,2021,37,2021-09-13,Need State 5,415316.25,1187435.25
221,2021,37,2021-09-13,Need State 6,1627945.5,2755306.5
222,2021,38,2021-09-20,Need State 1,1837530.0,4189131.0
223,2021,38,2021-09-20,Need State 2,680382.75,2622080.25
224,2021,38,2021-09-20,Need State 3,956617.5,4246850.25
225,2021,38,2021-09-20,Need State 4,794007.75,2215599.0
226,2021,38,2021-09-20,Need State 5,403522.5,1048380.75
227,2021,38,2021-09-20,Need State 6,1580968.5,2849205.0
228,2021,39,2021-09-27,Need State 1,2153181.75,4201519.5
229,2021,39,2021-09-27,Need State 2,638931.75,2670129.0
230,2021,39,2021-09-27,Need State 3,1034995.5,4186123.5
231,2021,39,2021-09-27,Need State 4,720269.25,2319528.75
232,2021,39,2021-09-27,Need State 5,363399.0,999865.5
233,2021,39,2021-09-27,Need State 6,1637346.0,2786768.25
234,2021,40,2021-10-04,Need State 1,2187683.25,4133904.75
235,2021,40,2021-10-04,Need State 2,664379.25,2562806.25
236,2021,40,2021-10-04,Need State 3,1095846.0,4117729.5
237,2021,40,2021-10-04,Need State 4,864545.25,2159055.0
238,2021,40,2021-10-04,Need State 5,352750.5,954462.0
239,2021,40,2021-10-04,Need State 6,1685004.75,2773452.75
240,2021,41,2021-10-11,Need State 1,2287858.5,4154016.75
241,2021,41,2021-10-11,Need State 2,746744.25,3374835.75
242,2021,41,2021-10-11,Need State 3,930310.5,4280195.25
243,2021,41,2021-10-11,Need State 4,1299327.75,2293140.75
244,2021,41,2021-10-11,Need State 5,341005.5,932326.5
245,2021,41,2021-10-11,Need State 6,1812618.75,2745588.0
246,2021,42,2021-10-18,Need State 1,2258578.5,4131496.5
247,2021,42,2021-10-18,Need State 2,898696.5,3382311.75
248,2021,42,2021-10-18,Need State 3,1122779.25,4359278.25
249,2021,42,2021-10-18,Need State 4,1289298.75,2320704.0
250,2021,42,2021-10-18,Need State 5,226942.5,920925.75
251,2021,42,2021-10-18,Need State 6,1935176.25,2767561.5
252,2021,43,2021-10-25,Need State 1,2078940.0,4084359.0
253,2021,43,2021-10-25,Need State 2,992579.25,3350259.0
254,2021,43,2021-10-25,Need State 3,1037039.25,4266784.5
255,2021,43,2021-10-25,Need State 4,1066103.25,2292237.75
256,2021,43,2021-10-25,Need State 5,294897.75,913094.25
257,2021,43,2021-10-25,Need State 6,1915487.25,2781456.75
258,2021,44,2021-11-01,Need State 1,1967236.5,4090227.75
259,2021,44,2021-11-01,Need State 2,1018754.25,3295037.25
260,2021,44,2021-11-01,Need State 3,959034.0,4243719.75
261,2021,44,2021-11-01,Need State 4,827304.75,2325026.25
262,2021,44,2021-11-01,Need State 5,182847.75,893018.25
263,2021,44,2021-11-01,Need State 6,1916636.25,2733363.0
264,2021,45,2021-11-08,Need State 1,1766007.75,4037955.0
265,2021,45,2021-11-08,Need State 2,1280847.75,3233085.0
266,2021,45,2021-11-08,Need State 3,1075995.75,4159340.25
267,2021,45,2021-11-08,Need State 4,909246.0,2283995.25
268,2021,45,2021-11-08,Need State 5,172085.25,881946.0
269,2021,45,2021-11-08,Need State 6,1871563.5,2669148.75
270,2021,46,2021-11-15,Need State 1,1772478.75,3977697.0
271,2021,46,2021-11-15,Need State 2,1209935.25,3219830.25
272,2021,46,2021-11-15,Need State 3,1094258.25,4106807.25
273,2021,46,2021-11-15,Need State 4,962713.5,2203873.5
274,2021,46,2021-11-15,Need State 5,168414.0,867792.75
275,2021,46,2021-11-15,Need State 6,1763832.0,2673528.0
276,2021,47,2021-11-22,Need State 1,1709643.0,3933765.0
277,2021,47,2021-11-22,Need State 2,1146784.5,3272108.25
278,2021,47,2021-11-22,Need State 3,1245589.5,4068462.75
279,2021,47,2021-11-22,Need State 4,1012397.25,2101588.5
280,2021,47,2021-11-22,Need State 5,169581.75,862029.75
281,2021,47,2021-11-22,Need State 6,1611594.0,2616399.75
282,2021,48,2021-11-29,Need State 1,1648735.5,3926124.0
283,2021,48,2021-11-29,Need State 2,1224609.75,3343976.25
284,2021,48,2021-11-29,Need State 3,1250385.75,4030890.75
285,2021,48,2021-11-29,Need State 4,1112517.0,2050989.0
286,2021,48,2021-11-29,Need State 5,162201.75,857832.0
287,2021,48,2021-11-29,Need State 6,1481349.0,2597160.0
288,2021,49,2021-12-06,Need State 1,1799262.75,3923584.5
289,2021,49,2021-12-06,Need State 2,1183906.5,3250760.25
290,2021,49,2021-12-06,Need State 3,1140785.25,3980202.0
291,2021,49,2021-12-06,Need State 4,1030555.5,2067675.75
292,2021,49,2021-12-06,Need State 5,186630.75,849217.5
293,2021,49,2021-12-06,Need State 6,1337476.5,2567355.0
294,2021,50,2021-12-13,Need State 1,1764952.5,3890427.0
295,2021,50,2021-12-13,Need State 2,1216697.25,3129087.0
296,2021,50,2021-12-13,Need State 3,1277717.25,3952218.0
297,2021,50,2021-12-13,Need State 4,1057341.75,1960471.5
298,2021,50,2021-12-13,Need State 5,187236.75,831126.0
299,2021,50,2021-12-13,Need State 6,1384009.5,2520814.5
300,2021,51,2021-12-20,Need State 1,1805510.25,3849951.0
301,2021,51,2021-12-20,Need State 2,951240.0,2870991.75
302,2021,51,2021-12-20,Need State 3,1309312.5,3794686.5
303,2021,51,2021-12-20,Need State 4,948471.0,1940378.25
304,2021,51,2021-12-20,Need State 5,178176.0,838800.75
305,2021,51,2021-12-20,Need State 6,1391955.0,2387293.5
306,2021,52,2021-12-27,Need State 1,1952004.0,3872801.25
307,2021,52,2021-12-27,Need State 2,843687.0,2758899.0
308,2021,52,2021-12-27,Need State 3,1110202.5,3896245.5
309,2021,52,2021-12-27,Need State 4,1039656.0,1992052.5
310,2021,52,2021-12-27,Need State 5,193203.0,861502.5
311,2021,52,2021-12-27,Need State 6,1328466.0,2419987.5
312,2022,1,2022-01-03,Need State 1,1849125.0,3833880.75
313,2022,1,2022-01-03,Need State 2,727968.0,2741374.5
314,2022,1,2022-01-03,Need State 3,1043247.0,3964887.75
315,2022,1,2022-01-03,Need State 4,794529.75,2049757.5
316,2022,1,2022-01-03,Need State 5,174625.5,863618.25
317,2022,1,2022-01-03,Need State 6,1429727.25,2410957.5
318,2022,2,2022-01-10,Need State 1,1886235.0,3846775.5
319,2022,2,2022-01-10,Need State 2,688170.0,2700783.0
320,2022,2,2022-01-10,Need State 3,1016256.0,3898632.0
321,2022,2,2022-01-10,Need State 4,867558.0,1976493.0
322,2022,2,2022-01-10,Need State 5,195345.75,854471.25
323,2022,2,2022-01-10,Need State 6,1388792.25,2434471.5
324,2022,3,2022-01-17,Need State 1,1966980.0,3852201.0
325,2022,3,2022-01-17,Need State 2,727232.25,2690676.75
326,2022,3,2022-01-17,Need State 3,1205241.75,3800191.5
327,2022,3,2022-01-17,Need State 4,1080168.75,1947301.5
328,2022,3,2022-01-17,Need State 5,198354.75,849681.0
329,2022,3,2022-01-17,Need State 6,1434927.75,2376165.75
330,2022,4,2022-01-24,Need State 1,1784772.0,3850652.25
331,2022,4,2022-01-24,Need State 2,741632.25,2648196.75
332,2022,4,2022-01-24,Need State 3,1246990.5,3807639.0
333,2022,4,2022-01-24,Need State 4,928840.5,1952948.25
334,2022,4,2022-01-24,Need State 5,178992.0,844506.75
335,2022,4,2022-01-24,Need State 6,1262213.25,2353557.0
336,2022,5,2022-01-31,Need State 1,1809055.5,4080468.75
337,2022,5,2022-01-31,Need State 2,648354.0,2575325.25
338,2022,5,2022-01-31,Need State 3,1203952.5,3723685.5
339,2022,5,2022-01-31,Need State 4,824669.25,2042387.25
340,2022,5,2022-01-31,Need State 5,231534.75,840153.75
341,2022,5,2022-01-31,Need State 6,1408445.25,2423676.0
342,2022,6,2022-02-07,Need State 1,1737505.5,4045948.5
343,2022,6,2022-02-07,Need State 2,627284.25,2542923.75
344,2022,6,2022-02-07,Need State 3,1496976.0,3713264.25
345,2022,6,2022-02-07,Need State 4,1041308.25,2017749.75
346,2022,6,2022-02-07,Need State 5,225524.25,834605.25
347,2022,6,2022-02-07,Need State 6,1258310.25,2383083.0
348,2022,7,2022-02-14,Need State 1,1792991.25,3863763.0
349,2022,7,2022-02-14,Need State 2,766714.5,2430100.5
350,2022,7,2022-02-14,Need State 3,1586227.5,3590558.25
351,2022,7,2022-02-14,Need State 4,948331.5,1977548.25
352,2022,7,2022-02-14,Need State 5,204607.5,786064.5
353,2022,7,2022-02-14,Need State 6,1213172.25,2360500.5
354,2022,8,2022-02-21,Need State 1,1737123.0,4018358.25
355,2022,8,2022-02-21,Need State 2,657087.75,2478526.5
356,2022,8,2022-02-21,Need State 3,1194807.0,3721557.75
357,2022,8,2022-02-21,Need State 4,911358.0,2051508.75
358,2022,8,2022-02-21,Need State 5,193338.0,793143.0
359,2022,8,2022-02-21,Need State 6,1109968.5,2372595.75
360,2022,9,2022-02-28,Need State 1,2300770.5,4198659.75
361,2022,9,2022-02-28,Need State 2,687194.25,2451921.0
362,2022,9,2022-02-28,Need State 3,1201031.25,3860166.0
363,2022,9,2022-02-28,Need State 4,957188.25,1996818.0
364,2022,9,2022-02-28,Need State 5,200004.0,776436.0
365,2022,9,2022-02-28,Need State 6,1485303.0,2287695.75
366,2022,10,2022-03-07,Need State 1,3368703.75,4237740.75
367,2022,10,2022-03-07,Need State 2,688646.25,2446062.75
368,2022,10,2022-03-07,Need State 3,1179682.5,3869143.5
369,2022,10,2022-03-07,Need State 4,991293.0,2058103.5
370,2022,10,2022-03-07,Need State 5,686337.0,758295.0
371,2022,10,2022-03-07,Need State 6,1825563.0,2241596.25
372,2022,11,2022-03-14,Need State 1,3815302.5,4206561.0
373,2022,11,2022-03-14,Need State 2,696391.5,2479667.25
374,2022,11,2022-03-14,Need State 3,1152363.75,3787143.75
375,2022,11,2022-03-14,Need State 4,879493.5,2037232.5
376,2022,11,2022-03-14,Need State 5,811782.0,714885.0
377,2022,11,2022-03-14,Need State 6,1877154.0,2207578.5
378,2022,12,2022-03-21,Need State 1,3192620.25,4200300.75
379,2022,12,2022-03-21,Need State 2,786270.0,2456478.0
380,2022,12,2022-03-21,Need State 3,1170600.75,3728396.25
381,2022,12,2022-03-21,Need State 4,700431.75,1957279.5
382,2022,12,2022-03-21,Need State 5,760760.25,746764.5
383,2022,12,2022-03-21,Need State 6,1897170.75,2230218.75
384,2022,13,2022-03-28,Need State 1,4098109.5,4931589.0
385,2022,13,2022-03-28,Need State 2,750130.5,2450426.25
386,2022,13,2022-03-28,Need State 3,1157227.5,3695260.5
387,2022,13,2022-03-28,Need State 4,822378.75,1985205.0
388,2022,13,2022-03-28,Need State 5,1521032.25,1200894.0
389,2022,13,2022-03-28,Need State 6,1942269.0,2263941.0
390,2022,14,2022-04-04,Need State 1,4751574.0,4873329.0
391,2022,14,2022-04-04,Need State 2,778464.75,2405337.75
392,2022,14,2022-04-04,Need State 3,1319388.75,3686928.75
393,2022,14,2022-04-04,Need State 4,827025.0,1925391.0
394,2022,14,2022-04-04,Need State 5,2214831.0,1252852.5
395,2022,14,2022-04-04,Need State 6,2494069.5,2344998.75
396,2022,15,2022-04-11,Need State 1,4823778.0,4787475.0
397,2022,15,2022-04-11,Need State 2,654268.5,2342972.25
398,2022,15,2022-04-11,Need State 3,1152492.75,3681702.0
399,2022,15,2022-04-11,Need State 4,614841.75,1808111.25
400,2022,15,2022-04-11,Need State 5,1650714.0,1527018.0
401,2022,15,2022-04-11,Need State 6,2352318.75,2357904.0
402,2022,16,2022-04-18,Need State 1,4390458.75,4729499.25
403,2022,16,2022-04-18,Need State 2,601455.0,2368101.0
404,2022,16,2022-04-18,Need State 3,1056108.75,3648184.5
405,2022,16,2022-04-18,Need State 4,624639.75,1719077.25
406,2022,16,2022-04-18,Need State 5,1631232.75,2282793.75
407,2022,16,2022-04-18,Need State 6,2580547.5,2452368.0
408,2022,17,2022-04-25,Need State 1,4328567.25,5323525.5
409,2022,17,2022-04-25,Need State 2,634131.75,2377780.5
410,2022,17,2022-04-25,Need State 3,1283388.75,3688877.25
411,2022,17,2022-04-25,Need State 4,694266.75,1666168.5
412,2022,17,2022-04-25,Need State 5,1604514.0,2383749.0
413,2022,17,2022-04-25,Need State 6,2457244.5,2665329.0
414,2022,18,2022-05-02,Need State 1,4510617.0,5426955.0
415,2022,18,2022-05-02,Need State 2,728430.0,2425101.0
416,2022,18,2022-05-02,Need State 3,1487045.25,3714513.75
417,2022,18,2022-05-02,Need State 4,722916.75,1741586.25
418,2022,18,2022-05-02,Need State 5,2219390.25,2292835.5
419,2022,18,2022-05-02,Need State 6,3042759.0,2740159.5
420,2022,19,2022-05-09,Need State 1,4581154.5,5338629.75
421,2022,19,2022-05-09,Need State 2,715961.25,2397145.5
422,2022,19,2022-05-09,Need State 3,1523069.25,3703206.75
423,2022,19,2022-05-09,Need State 4,795934.5,1740779.25
424,2022,19,2022-05-09,Need State 5,2419461.0,2300214.75
425,2022,19,2022-05-09,Need State 6,3242605.5,2731635.0
426,2022,20,2022-05-16,Need State 1,4528831.5,5089863.0
427,2022,20,2022-05-16,Need State 2,810265.5,2379420.0
428,2022,20,2022-05-16,Need State 3,1501898.25,3692773.5
429,2022,20,2022-05-16,Need State 4,863393.25,1692465.0
430,2022,20,2022-05-16,Need State 5,2238211.5,1986108.75
431,2022,20,2022-05-16,Need State 6,3880253.25,2653677.0
432,2022,21,2022-05-23,Need State 1,5149377.75,5474871.0
433,2022,21,2022-05-23,Need State 2,662451.0,2445935.25
434,2022,21,2022-05-23,Need State 3,1463990.25,3776847.75
435,2022,21,2022-05-23,Need State 4,825695.25,1743278.25
436,2022,21,2022-05-23,Need State 5,2051296.5,2027337.0
437,2022,21,2022-05-23,Need State 6,3874480.5,2808366.0
438,2022,22,2022-05-30,Need State 1,5295673.5,5877516.0
439,2022,22,2022-05-30,Need State 2,680552.25,2698783.5
440,2022,22,2022-05-30,Need State 3,1512074.25,4115906.25
441,2022,22,2022-05-30,Need State 4,756702.75,1858278.0
442,2022,22,2022-05-30,Need State 5,1672439.25,1938597.75
443,2022,22,2022-05-30,Need State 6,3922320.75,2968051.5
444,2022,23,2022-06-06,Need State 1,5126610.0,5681484.75
445,2022,23,2022-06-06,Need State 2,881702.25,2654892.0
446,2022,23,2022-06-06,Need State 3,1590522.0,4038271.5
447,2022,23,2022-06-06,Need State 4,738271.5,1851035.25
448,2022,23,2022-06-06,Need State 5,1603265.25,2075056.5
449,2022,23,2022-06-06,Need State 6,3831320.25,3000021.75
450,2022,24,2022-06-13,Need State 1,4815375.0,5462408.25
451,2022,24,2022-06-13,Need State 2,1078920.75,2592749.25
452,2022,24,2022-06-13,Need State 3,1609374.75,4084571.25
453,2022,24,2022-06-13,Need State 4,788746.5,1784637.75
454,2022,24,2022-06-13,Need State 5,1748004.75,1962462.75
455,2022,24,2022-06-13,Need State 6,3548124.0,2935481.25
456,2022,25,2022-06-20,Need State 1,4492306.5,5585256.75
457,2022,25,2022-06-20,Need State 2,1071737.25,2578538.25
458,2022,25,2022-06-20,Need State 3,1744253.25,4001175.0
459,2022,25,2022-06-20,Need State 4,850764.75,1745373.75
460,2022,25,2022-06-20,Need State 5,1486710.0,1920570.0
461,2022,25,2022-06-20,Need State 6,3361856.25,3150865.5
462,2022,26,2022-06-27,Need State 1,4138507.5,5625784.5
463,2022,26,2022-06-27,Need State 2,1088970.75,2603371.5
464,2022,26,2022-06-27,Need State 3,2147322.75,4006296.0
465,2022,26,2022-06-27,Need State 4,867011.25,1780715.25
466,2022,26,2022-06-27,Need State 5,1238617.5,1871043.75
467,2022,26,2022-06-27,Need State 6,3135382.5,3164673.0
468,2022,27,2022-07-04,Need State 1,3853857.75,5456624.25
469,2022,27,2022-07-04,Need State 2,959133.75,2546368.5
470,2022,27,2022-07-04,Need State 3,2145246.0,3909288.75
471,2022,27,2022-07-04,Need State 4,704640.0,1776132.75
472,2022,27,2022-07-04,Need State 5,881193.75,1776447.0
473,2022,27,2022-07-04,Need State 6,2732531.25,2974529.25
474,2022,28,2022-07-11,Need State 1,3655986.75,5566181.25
475,2022,28,2022-07-11,Need State 2,982161.75,2577708.75
476,2022,28,2022-07-11,Need State 3,1671880.5,3921411.75
477,2022,28,2022-07-11,Need State 4,737121.75,1810627.5
478,2022,28,2022-07-11,Need State 5,846811.5,1839246.75
479,2022,28,2022-07-11,Need State 6,2687592.0,3090195.0
480,2022,29,2022-07-18,Need State 1,3735090.0,5450706.75
481,2022,29,2022-07-18,Need State 2,966006.0,2526481.5
482,2022,29,2022-07-18,Need State 3,1716082.5,4397018.25
483,2022,29,2022-07-18,Need State 4,894835.5,1749581.25
484,2022,29,2022-07-18,Need State 5,756909.0,1740398.25
485,2022,29,2022-07-18,Need State 6,2363382.75,3163271.25
486,2022,30,2022-07-25,Need State 1,3462938.25,5393953.5
487,2022,30,2022-07-25,Need State 2,1106758.5,2582864.25
488,2022,30,2022-07-25,Need State 3,1996495.5,4317003.0
489,2022,30,2022-07-25,Need State 4,1043202.0,1718715.75
490,2022,30,2022-07-25,Need State 5,615459.0,1581553.5
491,2022,30,2022-07-25,Need State 6,2533116.0,3194526.0
492,2022,31,2022-08-01,Need State 1,3571481.25,5295227.25
493,2022,31,2022-08-01,Need State 2,1064522.25,2580941.25
494,2022,31,2022-08-01,Need State 3,2126226.75,4178266.5
495,2022,31,2022-08-01,Need State 4,902163.0,1733172.75
496,2022,31,2022-08-01,Need State 5,543747.0,1483065.0
497,2022,31,2022-08-01,Need State 6,2356187.25,3066236.25
498,2022,32,2022-08-08,Need State 1,3684161.25,5235033.75
499,2022,32,2022-08-08,Need State 2,1090215.0,2619253.5
500,2022,32,2022-08-08,Need State 3,2347671.75,4289967.0
501,2022,32,2022-08-08,Need State 4,752697.0,1755353.25
502,2022,32,2022-08-08,Need State 5,541208.25,1388911.5
503,2022,32,2022-08-08,Need State 6,2532136.5,2963931.0
504,2022,33,2022-08-15,Need State 1,3442376.25,5638314.75
505,2022,33,2022-08-15,Need State 2,888393.0,2606313.0
506,2022,33,2022-08-15,Need State 3,2131104.0,4464694.5
507,2022,33,2022-08-15,Need State 4,649293.75,1854658.5
508,2022,33,2022-08-15,Need State 5,458649.75,1320723.75
509,2022,33,2022-08-15,Need State 6,2391723.0,3130437.75
510,2022,34,2022-08-22,Need State 1,3329763.75,5569774.5
511,2022,34,2022-08-22,Need State 2,1197764.25,2652465.75
512,2022,34,2022-08-22,Need State 3,2275254.75,4525967.25
513,2022,34,2022-08-22,Need State 4,988587.75,1827985.5
514,2022,34,2022-08-22,Need State 5,460833.0,1245992.25
515,2022,34,2022-08-22,Need State 6,2472146.25,3177149.25
516,2022,35,2022-08-29,Need State 1,3080222.25,5395396.5
517,2022,35,2022-08-29,Need State 2,1425183.75,2564119.5
518,2022,35,2022-08-29,Need State 3,2147524.5,4389068.25
519,2022,35,2022-08-29,Need State 4,849573.0,1811809.5
520,2022,35,2022-08-29,Need State 5,458765.25,1226254.5
521,2022,35,2022-08-29,Need State 6,2408958.75,3234480.0
522,2022,36,2022-09-05,Need State 1,2894664.75,5127173.25
523,2022,36,2022-09-05,Need State 2,1388260.5,2567957.25
524,2022,36,2022-09-05,Need State 3,1989160.5,4343280.0
525,2022,36,2022-09-05,Need State 4,689942.25,1757538.75
526,2022,36,2022-09-05,Need State 5,452604.0,1189380.75
527,2022,36,2022-09-05,Need State 6,2381963.25,3173390.25
528,2022,37,2022-09-12,Need State 1,2909547.75,4976157.0
529,2022,37,2022-09-12,Need State 2,1446336.75,2563157.25
530,2022,37,2022-09-12,Need State 3,1861782.75,4360881.75
531,2022,37,2022-09-12,Need State 4,693429.75,1943980.5
532,2022,37,2022-09-12,Need State 5,433686.0,1096438.5
533,2022,37,2022-09-12,Need State 6,2356026.0,3044517.75
534,2022,38,2022-09-19,Need State 1,2665997.25,4896705.0
535,2022,38,2022-09-19,Need State 2,2420382.75,2582879.25
536,2022,38,2022-09-19,Need State 3,1953405.0,4358287.5
537,2022,38,2022-09-19,Need State 4,918633.0,1987367.25
538,2022,38,2022-09-19,Need State 5,459414.75,1007789.25
539,2022,38,2022-09-19,Need State 6,2128298.25,3110626.5
540,2022,39,2022-09-26,Need State 1,3125546.25,4772262.0
541,2022,39,2022-09-26,Need State 2,2772738.0,2548498.5
542,2022,39,2022-09-26,Need State 3,1952876.25,4318834.5
543,2022,39,2022-09-26,Need State 4,779666.25,2008033.5
544,2022,39,2022-09-26,Need State 5,488124.0,1036809.0
545,2022,39,2022-09-26,Need State 6,2225870.25,2984969.25
546,2022,40,2022-10-03,Need State 1,3316052.25,4738911.0
547,2022,40,2022-10-03,Need State 2,1220753.25,2636403.0
548,2022,40,2022-10-03,Need State 3,1999046.25,4283952.0
549,2022,40,2022-10-03,Need State 4,788526.0,1986626.25
550,2022,40,2022-10-03,Need State 5,459783.75,1005540.75
551,2022,40,2022-10-03,Need State 6,2364084.0,3073522.5
552,2022,41,2022-10-10,Need State 1,3108552.75,4722896.25
553,2022,41,2022-10-10,Need State 2,925930.5,3457602.0
554,2022,41,2022-10-10,Need State 3,1799096.25,4460423.25
555,2022,41,2022-10-10,Need State 4,756666.75,2111101.5
556,2022,41,2022-10-10,Need State 5,474422.25,998282.25
557,2022,41,2022-10-10,Need State 6,2197749.0,2984834.25
558,2022,42,2022-10-17,Need State 1,2974602.0,4689405.0
559,2022,42,2022-10-17,Need State 2,956215.5,3719676.75
560,2022,42,2022-10-17,Need State 3,1686023.25,4539787.5
561,2022,42,2022-10-17,Need State 4,894708.75,2016443.25
562,2022,42,2022-10-17,Need State 5,447094.5,984651.75
563,2022,42,2022-10-17,Need State 6,2357593.5,2977908.0
564,2022,43,2022-10-24,Need State 1,3094548.75,4710318.0
565,2022,43,2022-10-24,Need State 2,1251982.5,3615169.5
566,2022,43,2022-10-24,Need State 3,1651171.5,4468786.5
567,2022,43,2022-10-24,Need State 4,1019059.5,2047702.5
568,2022,43,2022-10-24,Need State 5,425204.25,993497.25
569,2022,43,2022-10-24,Need State 6,2240449.5,2997362.25
570,2022,44,2022-10-31,Need State 1,3277149.0,4683029.25
571,2022,44,2022-10-31,Need State 2,1120938.75,3600502.5
572,2022,44,2022-10-31,Need State 3,1602914.25,4440338.25
573,2022,44,2022-10-31,Need State 4,740662.5,2062043.25
574,2022,44,2022-10-31,Need State 5,392870.25,986224.5
575,2022,44,2022-10-31,Need State 6,2024869.5,2893632.0
576,2022,45,2022-11-07,Need State 1,3253697.25,4728150.0
577,2022,45,2022-11-07,Need State 2,1148763.75,3477507.0
578,2022,45,2022-11-07,Need State 3,1696687.5,4387307.25
579,2022,45,2022-11-07,Need State 4,888693.75,2121095.25
580,2022,45,2022-11-07,Need State 5,394463.25,974316.75
581,2022,45,2022-11-07,Need State 6,1934905.5,2887088.25
582,2022,46,2022-11-14,Need State 1,3040413.0,4689693.75
583,2022,46,2022-11-14,Need State 2,1074644.25,3561352.5
584,2022,46,2022-11-14,Need State 3,1698433.5,4358831.25
585,2022,46,2022-11-14,Need State 4,928443.0,2069559.0
586,2022,46,2022-11-14,Need State 5,396126.75,955153.5
587,2022,46,2022-11-14,Need State 6,2851314.75,2827403.25
588,2022,47,2022-11-21,Need State 1,2987834.25,4711697.25
589,2022,47,2022-11-21,Need State 2,1167133.5,3458940.0
590,2022,47,2022-11-21,Need State 3,1679232.75,4304484.75
591,2022,47,2022-11-21,Need State 4,1058195.25,2025606.75
592,2022,47,2022-11-21,Need State 5,406467.0,952746.75
593,2022,47,2022-11-21,Need State 6,3103967.25,2958375.0
594,2022,48,2022-11-28,Need State 1,3661065.75,4780105.5
595,2022,48,2022-11-28,Need State 2,1260875.25,3466088.25
596,2022,48,2022-11-28,Need State 3,1726206.0,4247920.5
597,2022,48,2022-11-28,Need State 4,1134112.5,2100576.75
598,2022,48,2022-11-28,Need State 5,384168.0,935305.5
599,2022,48,2022-11-28,Need State 6,2974010.25,3147202.5
600,2022,49,2022-12-05,Need State 1,3625352.25,4795374.0
601,2022,49,2022-12-05,Need State 2,1102058.25,3331992.75
602,2022,49,2022-12-05,Need State 3,1645620.0,4218468.75
603,2022,49,2022-12-05,Need State 4,1003352.25,2067252.75
604,2022,49,2022-12-05,Need State 5,442544.25,922007.25
605,2022,49,2022-12-05,Need State 6,3165899.25,3272988.75
606,2022,50,2022-12-12,Need State 1,3471038.25,4865055.0
607,2022,50,2022-12-12,Need State 2,1209084.0,3287280.75
608,2022,50,2022-12-12,Need State 3,1750675.5,4267512.75
609,2022,50,2022-12-12,Need State 4,830849.25,2041471.5
610,2022,50,2022-12-12,Need State 5,407373.75,908010.0
611,2022,50,2022-12-12,Need State 6,2837478.0,3338643.0
612,2022,51,2022-12-19,Need State 1,3183523.5,5007082.5
613,2022,51,2022-12-19,Need State 2,1025874.0,3043881.75
614,2022,51,2022-12-19,Need State 3,1733886.0,4136390.25
615,2022,51,2022-12-19,Need State 4,827518.5,2099023.5
616,2022,51,2022-12-19,Need State 5,419194.5,900613.5
617,2022,51,2022-12-19,Need State 6,2421537.0,3229501.5
618,2022,52,2022-12-26,Need State 1,3028526.25,4985010.75
619,2022,52,2022-12-26,Need State 2,1076429.25,2886888.0
620,2022,52,2022-12-26,Need State 3,1668416.25,4010820.75
621,2022,52,2022-12-26,Need State 4,773016.0,2134194.0
622,2022,52,2022-12-26,Need State 5,434809.5,887407.5
623,2022,52,2022-12-26,Need State 6,2306871.0,3233525.25
624,2023,1,2023-01-02,Need State 1,2685176.25,4910420.25
625,2023,1,2023-01-02,Need State 2,1146417.0,2801016.75
626,2023,1,2023-01-02,Need State 3,1968624.0,4040217.75
627,2023,1,2023-01-02,Need State 4,904818.75,2166131.25
628,2023,1,2023-01-02,Need State 5,397647.0,871163.25
629,2023,1,2023-01-02,Need State 6,1933833.75,3069187.5
630,2023,2,2023-01-09,Need State 1,2561793.0,5006653.5
631,2023,2,2023-01-09,Need State 2,1058606.25,3000030.0
632,2023,2,2023-01-09,Need State 3,2008068.75,3970191.75
633,2023,2,2023-01-09,Need State 4,740275.5,2126724.75
634,2023,2,2023-01-09,Need State 5,397470.75,850779.75
635,2023,2,2023-01-09,Need State 6,2018610.0,3040745.25
636,2023,3,2023-01-16,Need State 1,2429256.0,5026343.25
637,2023,3,2023-01-16,Need State 2,1053596.25,2974675.5
638,2023,3,2023-01-16,Need State 3,1919332.5,3895132.5
639,2023,3,2023-01-16,Need State 4,848645.25,2109055.5
640,2023,3,2023-01-16,Need State 5,367659.0,847217.25
641,2023,3,2023-01-16,Need State 6,1839330.75,2930940.0
642,2023,4,2023-01-23,Need State 1,2412513.0,4955513.25
643,2023,4,2023-01-23,Need State 2,1078356.0,2832075.75
644,2023,4,2023-01-23,Need State 3,1830279.0,3760122.75
645,2023,4,2023-01-23,Need State 4,909053.25,1976418.75
646,2023,4,2023-01-23,Need State 5,449280.75,818187.0
647,2023,4,2023-01-23,Need State 6,1751251.5,2863371.0
648,2023,5,2023-01-30,Need State 1,2492638.5,4900383.75
649,2023,5,2023-01-30,Need State 2,1141356.75,2697529.5
650,2023,5,2023-01-30,Need State 3,1676644.5,3825588.75
651,2023,5,2023-01-30,Need State 4,842921.25,1948036.5
652,2023,5,2023-01-30,Need State 5,589465.5,802232.25
653,2023,5,2023-01-30,Need State 6,2009590.5,2746979.25
654,2023,6,2023-02-06,Need State 1,2230342.5,5088563.25
655,2023,6,2023-02-06,Need State 2,1097309.25,2796938.25
656,2023,6,2023-02-06,Need State 3,1651904.25,4093663.5
657,2023,6,2023-02-06,Need State 4,789990.0,2087362.5
658,2023,6,2023-02-06,Need State 5,909300.0,825597.0
659,2023,6,2023-02-06,Need State 6,2030033.25,2798814.0
660,2023,7,2023-02-13,Need State 1,2440125.75,5251161.75
661,2023,7,2023-02-13,Need State 2,1166010.0,2784809.25
662,2023,7,2023-02-13,Need State 3,1812268.5,4045340.25
663,2023,7,2023-02-13,Need State 4,896537.25,2217171.0
664,2023,7,2023-02-13,Need State 5,890652.0,847074.0
665,2023,7,2023-02-13,Need State 6,1815568.5,2821093.5
666,2023,8,2023-02-20,Need State 1,2501891.25,5243783.25
667,2023,8,2023-02-20,Need State 2,1150257.75,2768440.5
668,2023,8,2023-02-20,Need State 3,1771330.5,3939936.0
669,2023,8,2023-02-20,Need State 4,948733.5,2139426.0
670,2023,8,2023-02-20,Need State 5,692556.0,802491.75
671,2023,8,2023-02-20,Need State 6,1580766.75,2697485.25
672,2023,9,2023-02-27,Need State 1,3217599.75,5384493.75
673,2023,9,2023-02-27,Need State 2,973191.0,3038168.25
674,2023,9,2023-02-27,Need State 3,1758748.5,4254617.25
675,2023,9,2023-02-27,Need State 4,777046.5,2053258.5
676,2023,9,2023-02-27,Need State 5,694999.5,1054866.0
677,2023,9,2023-02-27,Need State 6,1548116.25,2876903.25
678,2023,10,2023-03-06,Need State 1,3518763.75,5390856.75
679,2023,10,2023-03-06,Need State 2,1151317.5,3083718.75
680,2023,10,2023-03-06,Need State 3,1657672.5,4260697.5
681,2023,10,2023-03-06,Need State 4,913407.0,2038203.75
682,2023,10,2023-03-06,Need State 5,1021075.5,1045353.0
683,2023,10,2023-03-06,Need State 6,2560869.0,2827509.0
684,2023,11,2023-03-13,Need State 1,3397206.0,5571762.0
685,2023,11,2023-03-13,Need State 2,1108060.5,2977509.0
686,2023,11,2023-03-13,Need State 3,1476519.0,4225311.0
687,2023,11,2023-03-13,Need State 4,838152.0,1970043.0
688,2023,11,2023-03-13,Need State 5,1064807.25,1064654.25
689,2023,11,2023-03-13,Need State 6,2658912.75,2931255.0
690,2023,12,2023-03-20,Need State 1,2698265.25,5648067.0
691,2023,12,2023-03-20,Need State 2,1129199.25,2981382.0
692,2023,12,2023-03-20,Need State 3,1425175.5,4231951.5
693,2023,12,2023-03-20,Need State 4,859779.0,1948406.25
694,2023,12,2023-03-20,Need State 5,2111475.75,1118236.5
695,2023,12,2023-03-20,Need State 6,2168091.75,3273117.0
696,2023,13,2023-03-27,Need State 1,3158437.5,6180496.5
697,2023,13,2023-03-27,Need State 2,1267627.5,2941261.5
698,2023,13,2023-03-27,Need State 3,1428066.75,4152274.5
699,2023,13,2023-03-27,Need State 4,822052.5,1962693.75
700,2023,13,2023-03-27,Need State 5,2072829.0,1645695.0
701,2023,13,2023-03-27,Need State 6,2234192.25,3660209.25
702,2023,14,2023-04-03,Need State 1,3855705.0,6094402.5
703,2023,14,2023-04-03,Need State 2,1291778.25,2901647.25
704,2023,14,2023-04-03,Need State 3,1456476.75,4103604.0
705,2023,14,2023-04-03,Need State 4,854073.0,1923116.25
706,2023,14,2023-04-03,Need State 5,2560203.75,1824270.0
707,2023,14,2023-04-03,Need State 6,2343484.5,3675897.75
708,2023,15,2023-04-10,Need State 1,5030837.25,6053844.75
709,2023,15,2023-04-10,Need State 2,1089825.0,3007368.0
710,2023,15,2023-04-10,Need State 3,1494264.0,4040763.75
711,2023,15,2023-04-10,Need State 4,881612.25,2040567.0
712,2023,15,2023-04-10,Need State 5,2159019.75,3129303.75
713,2023,15,2023-04-10,Need State 6,2573414.25,3649539.75
714,2023,16,2023-04-17,Need State 1,4238141.25,6152012.25
715,2023,16,2023-04-17,Need State 2,1045601.25,3201684.0
716,2023,16,2023-04-17,Need State 3,1431959.25,3990035.25
717,2023,16,2023-04-17,Need State 4,782655.75,1954765.5
718,2023,16,2023-04-17,Need State 5,2117635.5,3420489.75
719,2023,16,2023-04-17,Need State 6,2983295.25,3777342.0
720,2023,17,2023-04-24,Need State 1,3847645.5,6788016.75
721,2023,17,2023-04-24,Need State 2,933551.25,3304561.5
722,2023,17,2023-04-24,Need State 3,1569234.75,4029068.25
723,2023,17,2023-04-24,Need State 4,765595.5,1935546.75
724,2023,17,2023-04-24,Need State 5,2152863.75,3359925.0
725,2023,17,2023-04-24,Need State 6,2629606.5,3767298.0
726,2023,18,2023-05-01,Need State 1,3618423.0,6619290.0
727,2023,18,2023-05-01,Need State 2,1016901.0,3289032.75
728,2023,18,2023-05-01,Need State 3,1763937.75,4136326.5
729,2023,18,2023-05-01,Need State 4,890931.75,1913772.0
730,2023,18,2023-05-01,Need State 5,2732151.0,3216064.5
731,2023,18,2023-05-01,Need State 6,2783209.5,4032750.0
732,2023,19,2023-05-08,Need State 1,3430333.5,6432805.5
733,2023,19,2023-05-08,Need State 2,913278.75,3264470.25
734,2023,19,2023-05-08,Need State 3,1689355.5,4042740.0
735,2023,19,2023-05-08,Need State 4,785277.75,1879980.0
736,2023,19,2023-05-08,Need State 5,3832422.0,3197670.75
737,2023,19,2023-05-08,Need State 6,2710388.25,3939514.5
738,2023,20,2023-05-15,Need State 1,3674338.5,6110029.5
739,2023,20,2023-05-15,Need State 2,1048827.0,3289570.5
740,2023,20,2023-05-15,Need State 3,1359511.5,4089228.0
741,2023,20,2023-05-15,Need State 4,730473.75,1909666.5
742,2023,20,2023-05-15,Need State 5,3488066.25,2999379.0
743,2023,20,2023-05-15,Need State 6,2288479.5,3891006.75
744,2023,21,2023-05-22,Need State 1,3849968.25,5903399.25
745,2023,21,2023-05-22,Need State 2,910810.5,3201299.25
746,2023,21,2023-05-22,Need State 3,1303293.0,4389885.0
747,2023,21,2023-05-22,Need State 4,639576.75,1926390.0
748,2023,21,2023-05-22,Need State 5,2868719.25,2870152.5
749,2023,21,2023-05-22,Need State 6,1974603.75,3997932.75
750,2023,22,2023-05-29,Need State 1,3583233.75,5852058.75
751,2023,22,2023-05-29,Need State 2,1030058.25,3198989.25
752,2023,22,2023-05-29,Need State 3,1432830.75,4318233.75
753,2023,22,2023-05-29,Need State 4,688359.75,1881789.75
754,2023,22,2023-05-29,Need State 5,3174200.25,3235680.75
755,2023,22,2023-05-29,Need State 6,2111937.0,3787126.5
756,2023,23,2023-06-05,Need State 1,3596845.5,5992884.75
757,2023,23,2023-06-05,Need State 2,945119.25,3145630.5
758,2023,23,2023-06-05,Need State 3,1321146.0,4227395.25
759,2023,23,2023-06-05,Need State 4,702827.25,1871404.5
760,2023,23,2023-06-05,Need State 5,3005011.5,3053439.75
761,2023,23,2023-06-05,Need State 6,1786518.75,3656977.5
762,2023,24,2023-06-12,Need State 1,2982873.0,5929123.5
763,2023,24,2023-06-12,Need State 2,906209.25,3200705.25
764,2023,24,2023-06-12,Need State 3,1280101.5,4204266.0
765,2023,24,2023-06-12,Need State 4,797844.75,1874183.25
766,2023,24,2023-06-12,Need State 5,2925531.0,2989061.25
767,2023,24,2023-06-12,Need State 6,1386597.75,3607308.75
768,2023,25,2023-06-19,Need State 1,2719136.25,6273795.75
769,2023,25,2023-06-19,Need State 2,824258.25,3178018.5
770,2023,25,2023-06-19,Need State 3,1244274.0,4104301.5
771,2023,25,2023-06-19,Need State 4,534352.5,1920629.25
772,2023,25,2023-06-19,Need State 5,2823924.0,3015936.75
773,2023,25,2023-06-19,Need State 6,1949538.0,3740592.0
774,2023,26,2023-06-26,Need State 1,2796876.75,6259001.25
775,2023,26,2023-06-26,Need State 2,885282.75,3141670.5
776,2023,26,2023-06-26,Need State 3,1558986.0,4079300.25
777,2023,26,2023-06-26,Need State 4,717048.75,1901064.75
778,2023,26,2023-06-26,Need State 5,2585373.75,3000201.0
779,2023,26,2023-06-26,Need State 6,1763100.0,3776910.0
780,2023,27,2023-07-03,Need State 1,3023767.5,6118750.5
781,2023,27,2023-07-03,Need State 2,905992.5,3072729.75
782,2023,27,2023-07-03,Need State 3,1835859.75,4000703.25
783,2023,27,2023-07-03,Need State 4,674379.0,1827056.25
784,2023,27,2023-07-03,Need State 5,2379864.0,2928231.0
785,2023,27,2023-07-03,Need State 6,1697682.75,3707270.25
786,2023,28,2023-07-10,Need State 1,3168278.25,6047895.0
787,2023,28,2023-07-10,Need State 2,891232.5,3050556.0
788,2023,28,2023-07-10,Need State 3,1212879.0,4021671.75
789,2023,28,2023-07-10,Need State 4,676046.25,1811348.25
790,2023,28,2023-07-10,Need State 5,2156871.0,2591512.5
791,2023,28,2023-07-10,Need State 6,1617044.25,3627236.25
792,2023,29,2023-07-17,Need State 1,2650710.0,5961830.25
793,2023,29,2023-07-17,Need State 2,869301.75,3004700.25
794,2023,29,2023-07-17,Need State 3,1250692.5,4552430.25
795,2023,29,2023-07-17,Need State 4,689622.0,1833916.5
796,2023,29,2023-07-17,Need State 5,2092743.0,2560828.5
797,2023,29,2023-07-17,Need State 6,1132342.5,3702616.5
798,2023,30,2023-07-24,Need State 1,3139342.5,6084506.25
799,2023,30,2023-07-24,Need State 2,827696.25,3030429.0
800,2023,30,2023-07-24,Need State 3,1354209.0,4498290.0
801,2023,30,2023-07-24,Need State 4,697680.75,1801557.0
802,2023,30,2023-07-24,Need State 5,1943230.5,2424017.25
803,2023,30,2023-07-24,Need State 6,1141673.25,3720034.5
804,2023,31,2023-07-31,Need State 1,3175792.5,5911157.25
805,2023,31,2023-07-31,Need State 2,1013453.25,3099784.5
806,2023,31,2023-07-31,Need State 3,1551147.75,4378878.0
807,2023,31,2023-07-31,Need State 4,818582.25,1801709.25
808,2023,31,2023-07-31,Need State 5,1833880.5,2335992.0
809,2023,31,2023-07-31,Need State 6,924150.0,3634200.0
810,2023,32,2023-08-07,Need State 1,2821797.75,5842101.0
811,2023,32,2023-08-07,Need State 2,823203.0,3127488.75
812,2023,32,2023-08-07,Need State 3,1093608.0,4335534.0
813,2023,32,2023-08-07,Need State 4,686121.75,1771965.75
814,2023,32,2023-08-07,Need State 5,1731748.5,2165239.5
815,2023,32,2023-08-07,Need State 6,921566.25,3503353.5
816,2023,33,2023-08-14,Need State 1,2643208.5,6276078.0
817,2023,33,2023-08-14,Need State 2,811423.5,3365649.75
818,2023,33,2023-08-14,Need State 3,1091835.75,4851850.5
819,2023,33,2023-08-14,Need State 4,682984.5,1837731.75
820,2023,33,2023-08-14,Need State 5,1649125.5,2146356.75
821,2023,33,2023-08-14,Need State 6,913493.25,3508635.0
822,2023,34,2023-08-21,Need State 1,2648890.5,6414123.0
823,2023,34,2023-08-21,Need State 2,804647.25,3359758.5
824,2023,34,2023-08-21,Need State 3,1087815.75,4776393.0
825,2023,34,2023-08-21,Need State 4,753938.25,1993696.5
826,2023,34,2023-08-21,Need State 5,1592987.25,2009585.25
827,2023,34,2023-08-21,Need State 6,1167948.0,3622168.5
828,2023,35,2023-08-28,Need State 1,2479165.5,6547731.0
829,2023,35,2023-08-28,Need State 2,1156338.75,3317178.75
830,2023,35,2023-08-28,Need State 3,1306881.0,4692345.75
831,2023,35,2023-08-28,Need State 4,834726.75,1942001.25
832,2023,35,2023-08-28,Need State 5,1546667.25,1949164.5
833,2023,35,2023-08-28,Need State 6,1030852.5,3590436.75
834,2023,36,2023-09-04,Need State 1,2300062.5,6333866.25
835,2023,36,2023-09-04,Need State 2,1301664.75,3288483.0
836,2023,36,2023-09-04,Need State 3,1189347.75,4604033.25
837,2023,36,2023-09-04,Need State 4,751458.0,1954796.25
838,2023,36,2023-09-04,Need State 5,1517832.75,1905132.0
839,2023,36,2023-09-04,Need State 6,701696.25,3629950.5
840,2023,37,2023-09-11,Need State 1,2185227.0,6104029.5
841,2023,37,2023-09-11,Need State 2,1609150.5,3322784.25
842,2023,37,2023-09-11,Need State 3,1328611.5,4671575.25
843,2023,37,2023-09-11,Need State 4,755162.25,1997831.25
844,2023,37,2023-09-11,Need State 5,1501643.25,1794207.0
845,2023,37,2023-09-11,Need State 6,724006.5,3502062.75
846,2023,38,2023-09-18,Need State 1,2169018.0,6068694.0
847,2023,38,2023-09-18,Need State 2,2515116.75,3394207.5
848,2023,38,2023-09-18,Need State 3,1380191.25,4693923.75
849,2023,38,2023-09-18,Need State 4,817476.75,2023952.25
850,2023,38,2023-09-18,Need State 5,1476577.5,1657944.0
851,2023,38,2023-09-18,Need State 6,699891.0,3572568.75
852,2023,39,2023-09-25,Need State 1,2101831.5,5972203.5
853,2023,39,2023-09-25,Need State 2,2156817.0,3331006.5
854,2023,39,2023-09-25,Need State 3,1110234.75,4701059.25
855,2023,39,2023-09-25,Need State 4,750872.25,1918959.75
856,2023,39,2023-09-25,Need State 5,1426885.5,1442409.75
857,2023,39,2023-09-25,Need State 6,631127.25,3481461.0
858,2023,40,2023-10-02,Need State 1,2196104.25,5952818.25
859,2023,40,2023-10-02,Need State 2,995430.75,3338073.75
860,2023,40,2023-10-02,Need State 3,1053929.25,4648060.5
861,2023,40,2023-10-02,Need State 4,681066.0,1958751.0
862,2023,40,2023-10-02,Need State 5,1386183.75,1373699.25
863,2023,40,2023-10-02,Need State 6,787549.5,3506608.5
864,2023,41,2023-10-09,Need State 1,2191140.0,5903348.25
865,2023,41,2023-10-09,Need State 2,1084670.25,4117591.5
866,2023,41,2023-10-09,Need State 3,1180187.25,4954347.0
867,2023,41,2023-10-09,Need State 4,737967.0,1948076.25
868,2023,41,2023-10-09,Need State 5,1352883.75,1329480.75
869,2023,41,2023-10-09,Need State 6,756188.25,3502093.5
