,Year,Week,Date,Need States,Sales
0,2021,1,2021-01-04,Need State 1,132818.25
1,2021,1,2021-01-04,Need State 2,251858.25
2,2021,1,2021-01-04,Need State 3,209473.5
3,2021,1,2021-01-04,Need State 4,373678.5
4,2021,1,2021-01-04,Need State 5,246819.75
5,2021,2,2021-01-11,Need State 1,395708.25
6,2021,2,2021-01-11,Need State 2,510633.75
7,2021,2,2021-01-11,Need State 3,683112.0
8,2021,2,2021-01-11,Need State 4,597628.5
9,2021,2,2021-01-11,Need State 5,465099.75
10,2021,3,2021-01-18,Need State 1,207779.25
11,2021,3,2021-01-18,Need State 2,525278.25
12,2021,3,2021-01-18,Need State 3,627825.75
13,2021,3,2021-01-18,Need State 4,300238.5
14,2021,3,2021-01-18,Need State 5,548790.75
15,2021,4,2021-01-25,Need State 1,323169.75
16,2021,4,2021-01-25,Need State 2,480166.5
17,2021,4,2021-01-25,Need State 3,318566.25
18,2021,4,2021-01-25,Need State 4,319001.25
19,2021,4,2021-01-25,Need State 5,553418.25
20,2021,5,2021-02-01,Need State 1,71536.5
21,2021,5,2021-02-01,Need State 2,304409.25
22,2021,5,2021-02-01,Need State 3,439665.0
23,2021,5,2021-02-01,Need State 4,433508.25
24,2021,5,2021-02-01,Need State 5,323542.5
25,2021,6,2021-02-08,Need State 1,980441.25
26,2021,6,2021-02-08,Need State 2,460572.0
27,2021,6,2021-02-08,Need State 3,445863.75
28,2021,6,2021-02-08,Need State 4,640492.5
29,2021,6,2021-02-08,Need State 5,524925.0
30,2021,7,2021-02-15,Need State 1,316326.0
31,2021,7,2021-02-15,Need State 2,283466.25
32,2021,7,2021-02-15,Need State 3,334146.75
33,2021,7,2021-02-15,Need State 4,448128.0
34,2021,7,2021-02-15,Need State 5,462306.75
35,2021,8,2021-02-22,Need State 1,480405.0
36,2021,8,2021-02-22,Need State 2,419211.0
37,2021,8,2021-02-22,Need State 3,332299.5
38,2021,8,2021-02-22,Need State 4,412890.0
39,2021,8,2021-02-22,Need State 5,509691.75
40,2021,9,2021-03-01,Need State 1,1341342.75
41,2021,9,2021-03-01,Need State 2,321424.5
42,2021,9,2021-03-01,Need State 3,345800.25
43,2021,9,2021-03-01,Need State 4,331031.25
44,2021,9,2021-03-01,Need State 5,224058.75
45,2021,10,2021-03-08,Need State 1,2721590.25
46,2021,10,2021-03-08,Need State 2,285894.0
47,2021,10,2021-03-08,Need State 3,399765.0
48,2021,10,2021-03-08,Need State 4,461514.75
49,2021,10,2021-03-08,Need State 5,420538.5
50,2021,11,2021-03-15,Need State 1,808580.25
51,2021,11,2021-03-15,Need State 2,389976.0
52,2021,11,2021-03-15,Need State 3,251854.5
53,2021,11,2021-03-15,Need State 4,388106.25
54,2021,11,2021-03-15,Need State 5,287581.5
55,2021,12,2021-03-22,Need State 1,462552.0
56,2021,12,2021-03-22,Need State 2,357771.0
57,2021,12,2021-03-22,Need State 3,462864.75
58,2021,12,2021-03-22,Need State 4,476425.5
59,2021,12,2021-03-22,Need State 5,660348.75
60,2021,13,2021-03-29,Need State 1,1345166.25
61,2021,13,2021-03-29,Need State 2,275889.75
62,2021,13,2021-03-29,Need State 3,264009.75
63,2021,13,2021-03-29,Need State 4,488613.75
64,2021,13,2021-03-29,Need State 5,864904.5
65,2021,14,2021-04-05,Need State 1,1344056.25
66,2021,14,2021-04-05,Need State 2,354687.0
67,2021,14,2021-04-05,Need State 3,588178.5
68,2021,14,2021-04-05,Need State 4,475796.25
69,2021,14,2021-04-05,Need State 5,992937.0
70,2021,15,2021-04-12,Need State 1,780374.25
71,2021,15,2021-04-12,Need State 2,328035.75
72,2021,15,2021-04-12,Need State 3,463776.75
73,2021,15,2021-04-12,Need State 4,357441.75
74,2021,15,2021-04-12,Need State 5,555201.75
75,2021,16,2021-04-19,Need State 1,416756.25
76,2021,16,2021-04-19,Need State 2,259767.75
77,2021,16,2021-04-19,Need State 3,327388.5
78,2021,16,2021-04-19,Need State 4,518808.0
79,2021,16,2021-04-19,Need State 5,324018.75
80,2021,17,2021-04-26,Need State 1,783196.5
81,2021,17,2021-04-26,Need State 2,290293.5
82,2021,17,2021-04-26,Need State 3,212003.25
83,2021,17,2021-04-26,Need State 4,343884.0
84,2021,17,2021-04-26,Need State 5,407784.75
85,2021,18,2021-05-03,Need State 1,964353.75
86,2021,18,2021-05-03,Need State 2,319240.5
87,2021,18,2021-05-03,Need State 3,289918.5
88,2021,18,2021-05-03,Need State 4,460024.5
89,2021,18,2021-05-03,Need State 5,588853.5
90,2021,19,2021-05-10,Need State 1,644009.25
91,2021,19,2021-05-10,Need State 2,261920.25
92,2021,19,2021-05-10,Need State 3,229689.0
93,2021,19,2021-05-10,Need State 4,368431.5
94,2021,19,2021-05-10,Need State 5,462042.75
95,2021,20,2021-05-17,Need State 1,210880.5
96,2021,20,2021-05-17,Need State 2,271785.0
97,2021,20,2021-05-17,Need State 3,175822.5
98,2021,20,2021-05-17,Need State 4,186488.25
99,2021,20,2021-05-17,Need State 5,437219.25
100,2021,21,2021-05-24,Need State 1,572421.0
101,2021,21,2021-05-24,Need State 2,516226.5
102,2021,21,2021-05-24,Need State 3,468210.75
103,2021,21,2021-05-24,Need State 4,295438.5
104,2021,21,2021-05-24,Need State 5,1303386.0
105,2021,22,2021-05-31,Need State 1,1371993.75
106,2021,22,2021-05-31,Need State 2,402544.5
107,2021,22,2021-05-31,Need State 3,401921.25
108,2021,22,2021-05-31,Need State 4,341385.75
109,2021,22,2021-05-31,Need State 5,444084.0
110,2021,23,2021-06-07,Need State 1,188688.75
111,2021,23,2021-06-07,Need State 2,389661.75
112,2021,23,2021-06-07,Need State 3,328473.75
113,2021,23,2021-06-07,Need State 4,536329.5
114,2021,23,2021-06-07,Need State 5,475248.0
115,2021,24,2021-06-14,Need State 1,265803.0
116,2021,24,2021-06-14,Need State 2,522888.0
117,2021,24,2021-06-14,Need State 3,582267.75
118,2021,24,2021-06-14,Need State 4,491120.25
119,2021,24,2021-06-14,Need State 5,424869.0
120,2021,25,2021-06-21,Need State 1,582181.5
121,2021,25,2021-06-21,Need State 2,442374.75
122,2021,25,2021-06-21,Need State 3,697846.5
123,2021,25,2021-06-21,Need State 4,366459.75
124,2021,25,2021-06-21,Need State 5,669768.0
125,2021,26,2021-06-28,Need State 1,374456.25
126,2021,26,2021-06-28,Need State 2,371931.0
127,2021,26,2021-06-28,Need State 3,733339.5
128,2021,26,2021-06-28,Need State 4,477507.0
129,2021,26,2021-06-28,Need State 5,816594.0
130,2021,27,2021-07-05,Need State 1,744354.75
131,2021,27,2021-07-05,Need State 2,447534.0
132,2021,27,2021-07-05,Need State 3,622235.25
133,2021,27,2021-07-05,Need State 4,272110.5
134,2021,27,2021-07-05,Need State 5,697385.25
135,2021,28,2021-07-12,Need State 1,153197.25
136,2021,28,2021-07-12,Need State 2,430443.0
137,2021,28,2021-07-12,Need State 3,473646.0
138,2021,28,2021-07-12,Need State 4,349866.0
139,2021,28,2021-07-12,Need State 5,506658.75
140,2021,29,2021-07-19,Need State 1,403191.0
141,2021,29,2021-07-19,Need State 2,351768.0
142,2021,29,2021-07-19,Need State 3,531840.0
143,2021,29,2021-07-19,Need State 4,451622.25
144,2021,29,2021-07-19,Need State 5,442292.25
145,2021,30,2021-07-26,Need State 1,566452.5
146,2021,30,2021-07-26,Need State 2,304865.25
147,2021,30,2021-07-26,Need State 3,177859.5
148,2021,30,2021-07-26,Need State 4,309791.25
149,2021,30,2021-07-26,Need State 5,447265.5
150,2021,31,2021-08-02,Need State 1,487445.25
151,2021,31,2021-08-02,Need State 2,542931.75
152,2021,31,2021-08-02,Need State 3,353543.25
153,2021,31,2021-08-02,Need State 4,629710.5
154,2021,31,2021-08-02,Need State 5,585342.0
155,2021,32,2021-08-09,Need State 1,1052920.5
156,2021,32,2021-08-09,Need State 2,483064.5
157,2021,32,2021-08-09,Need State 3,272973.75
158,2021,32,2021-08-09,Need State 4,742052.25
159,2021,32,2021-08-09,Need State 5,531677.25
160,2021,33,2021-08-16,Need State 1,658275.75
161,2021,33,2021-08-16,Need State 2,334887.75
162,2021,33,2021-08-16,Need State 3,341965.5
163,2021,33,2021-08-16,Need State 4,715980.75
164,2021,33,2021-08-16,Need State 5,1149696.0
165,2021,34,2021-08-23,Need State 1,520768.5
166,2021,34,2021-08-23,Need State 2,179756.25
167,2021,34,2021-08-23,Need State 3,220227.0
168,2021,34,2021-08-23,Need State 4,336958.5
169,2021,34,2021-08-23,Need State 5,772803.0
170,2021,35,2021-08-30,Need State 1,324585.0
171,2021,35,2021-08-30,Need State 2,552717.75
172,2021,35,2021-08-30,Need State 3,177987.0
173,2021,35,2021-08-30,Need State 4,249434.25
174,2021,35,2021-08-30,Need State 5,350067.75
175,2021,36,2021-09-06,Need State 1,320163.0
176,2021,36,2021-09-06,Need State 2,170965.5
177,2021,36,2021-09-06,Need State 3,219709.5
178,2021,36,2021-09-06,Need State 4,329004.0
179,2021,36,2021-09-06,Need State 5,431654.25
180,2021,37,2021-09-13,Need State 1,398962.5
181,2021,37,2021-09-13,Need State 2,419973.75
182,2021,37,2021-09-13,Need State 3,266729.25
183,2021,37,2021-09-13,Need State 4,459801.75
184,2021,37,2021-09-13,Need State 5,401247.75
185,2021,38,2021-09-20,Need State 1,632085.75
186,2021,38,2021-09-20,Need State 2,565623.0
187,2021,38,2021-09-20,Need State 3,481889.25
188,2021,38,2021-09-20,Need State 4,444409.5
189,2021,38,2021-09-20,Need State 5,477400.5
190,2021,39,2021-09-27,Need State 1,1025997.75
191,2021,39,2021-09-27,Need State 2,282459.0
192,2021,39,2021-09-27,Need State 3,560955.0
193,2021,39,2021-09-27,Need State 4,545457.75
194,2021,39,2021-09-27,Need State 5,686050.5
195,2021,40,2021-10-04,Need State 1,80189.25
196,2021,40,2021-10-04,Need State 2,267213.75
197,2021,40,2021-10-04,Need State 3,243669.0
198,2021,40,2021-10-04,Need State 4,414002.25
199,2021,40,2021-10-04,Need State 5,236986.5
200,2021,41,2021-10-11,Need State 1,650490.0
201,2021,41,2021-10-11,Need State 2,468106.5
202,2021,41,2021-10-11,Need State 3,323962.5
203,2021,41,2021-10-11,Need State 4,835918.5
204,2021,41,2021-10-11,Need State 5,1000242.75
205,2021,42,2021-10-18,Need State 1,319992.0
206,2021,42,2021-10-18,Need State 2,286435.5
207,2021,42,2021-10-18,Need State 3,129718.5
208,2021,42,2021-10-18,Need State 4,285377.25
209,2021,42,2021-10-18,Need State 5,381074.25
210,2021,43,2021-10-25,Need State 1,192120.75
211,2021,43,2021-10-25,Need State 2,478903.5
212,2021,43,2021-10-25,Need State 3,237707.25
213,2021,43,2021-10-25,Need State 4,263670.0
214,2021,43,2021-10-25,Need State 5,387342.0
215,2021,44,2021-11-01,Need State 1,223115.25
216,2021,44,2021-11-01,Need State 2,512168.25
217,2021,44,2021-11-01,Need State 3,229542.75
218,2021,44,2021-11-01,Need State 4,396127.5
219,2021,44,2021-11-01,Need State 5,344643.0
220,2021,45,2021-11-08,Need State 1,247068.0
221,2021,45,2021-11-08,Need State 2,596028.75
222,2021,45,2021-11-08,Need State 3,377853.0
223,2021,45,2021-11-08,Need State 4,362800.5
224,2021,45,2021-11-08,Need State 5,474536.25
225,2021,46,2021-11-15,Need State 1,163740.0
226,2021,46,2021-11-15,Need State 2,341327.25
227,2021,46,2021-11-15,Need State 3,352458.0
228,2021,46,2021-11-15,Need State 4,322544.25
229,2021,46,2021-11-15,Need State 5,336150.0
230,2021,47,2021-11-22,Need State 1,523181.25
231,2021,47,2021-11-22,Need State 2,506841.0
232,2021,47,2021-11-22,Need State 3,477817.5
233,2021,47,2021-11-22,Need State 4,525870.75
234,2021,47,2021-11-22,Need State 5,332483.25
235,2021,48,2021-11-29,Need State 1,384503.25
236,2021,48,2021-11-29,Need State 2,367848.75
237,2021,48,2021-11-29,Need State 3,159486.0
238,2021,48,2021-11-29,Need State 4,446012.25
239,2021,48,2021-11-29,Need State 5,206840.25
240,2021,49,2021-12-06,Need State 1,343218.0
241,2021,49,2021-12-06,Need State 2,330722.25
242,2021,49,2021-12-06,Need State 3,375309.0
243,2021,49,2021-12-06,Need State 4,370164.75
244,2021,49,2021-12-06,Need State 5,354144.0
245,2021,50,2021-12-13,Need State 1,314396.25
246,2021,50,2021-12-13,Need State 2,256461.0
247,2021,50,2021-12-13,Need State 3,398690.25
248,2021,50,2021-12-13,Need State 4,302901.75
249,2021,50,2021-12-13,Need State 5,370041.75
250,2021,51,2021-12-20,Need State 1,804323.25
251,2021,51,2021-12-20,Need State 2,395858.25
252,2021,51,2021-12-20,Need State 3,326622.0
253,2021,51,2021-12-20,Need State 4,790806.75
254,2021,51,2021-12-20,Need State 5,785989.5
255,2021,52,2021-12-27,Need State 1,118671.75
256,2021,52,2021-12-27,Need State 2,95872.5
257,2021,52,2021-12-27,Need State 3,152532.75
258,2021,52,2021-12-27,Need State 4,225032.25
259,2021,52,2021-12-27,Need State 5,301517.25
260,2022,1,2022-01-03,Need State 1,225132.0
261,2022,1,2022-01-03,Need State 2,239328.75
262,2022,1,2022-01-03,Need State 3,146636.25
263,2022,1,2022-01-03,Need State 4,231120.75
264,2022,1,2022-01-03,Need State 5,323888.25
265,2022,2,2022-01-10,Need State 1,720135.0
266,2022,2,2022-01-10,Need State 2,299952.0
267,2022,2,2022-01-10,Need State 3,398277.0
268,2022,2,2022-01-10,Need State 4,638800.5
269,2022,2,2022-01-10,Need State 5,564081.0
270,2022,3,2022-01-17,Need State 1,227398.5
271,2022,3,2022-01-17,Need State 2,367634.25
272,2022,3,2022-01-17,Need State 3,406825.5
273,2022,3,2022-01-17,Need State 4,573999.0
274,2022,3,2022-01-17,Need State 5,328036.5
275,2022,4,2022-01-24,Need State 1,295862.25
276,2022,4,2022-01-24,Need State 2,250038.0
277,2022,4,2022-01-24,Need State 3,297513.0
278,2022,4,2022-01-24,Need State 4,300548.25
279,2022,4,2022-01-24,Need State 5,472599.75
280,2022,5,2022-01-31,Need State 1,473947.5
281,2022,5,2022-01-31,Need State 2,253847.25
282,2022,5,2022-01-31,Need State 3,424525.5
283,2022,5,2022-01-31,Need State 4,455489.25
284,2022,5,2022-01-31,Need State 5,517918.5
285,2022,6,2022-02-07,Need State 1,615947.25
286,2022,6,2022-02-07,Need State 2,243423.75
287,2022,6,2022-02-07,Need State 3,524013.75
288,2022,6,2022-02-07,Need State 4,436341.0
289,2022,6,2022-02-07,Need State 5,266755.5
290,2022,7,2022-02-14,Need State 1,405015.0
291,2022,7,2022-02-14,Need State 2,328047.0
292,2022,7,2022-02-14,Need State 3,393878.25
293,2022,7,2022-02-14,Need State 4,448062.75
294,2022,7,2022-02-14,Need State 5,311679.75
295,2022,8,2022-02-21,Need State 1,273339.0
296,2022,8,2022-02-21,Need State 2,188490.75
297,2022,8,2022-02-21,Need State 3,168665.25
298,2022,8,2022-02-21,Need State 4,193704.0
299,2022,8,2022-02-21,Need State 5,177261.75
300,2022,9,2022-02-28,Need State 1,1633242.0
301,2022,9,2022-02-28,Need State 2,361269.75
302,2022,9,2022-02-28,Need State 3,269997.75
303,2022,9,2022-02-28,Need State 4,408852.75
304,2022,9,2022-02-28,Need State 5,1193739.0
305,2022,10,2022-03-07,Need State 1,1767609.0
306,2022,10,2022-03-07,Need State 2,414115.5
307,2022,10,2022-03-07,Need State 3,213970.5
308,2022,10,2022-03-07,Need State 4,477458.25
309,2022,10,2022-03-07,Need State 5,670185.75
310,2022,11,2022-03-14,Need State 1,401660.25
311,2022,11,2022-03-14,Need State 2,324297.0
312,2022,11,2022-03-14,Need State 3,317165.25
313,2022,11,2022-03-14,Need State 4,236302.5
314,2022,11,2022-03-14,Need State 5,291765.75
315,2022,12,2022-03-21,Need State 1,923920.5
316,2022,12,2022-03-21,Need State 2,453584.25
317,2022,12,2022-03-21,Need State 3,465645.75
318,2022,12,2022-03-21,Need State 4,419783.25
319,2022,12,2022-03-21,Need State 5,680735.25
320,2022,13,2022-03-28,Need State 1,1434591.75
321,2022,13,2022-03-28,Need State 2,378236.25
322,2022,13,2022-03-28,Need State 3,479124.0
323,2022,13,2022-03-28,Need State 4,377538.75
324,2022,13,2022-03-28,Need State 5,829482.75
325,2022,14,2022-04-04,Need State 1,1005565.5
326,2022,14,2022-04-04,Need State 2,260363.25
327,2022,14,2022-04-04,Need State 3,256968.0
328,2022,14,2022-04-04,Need State 4,213425.25
329,2022,14,2022-04-04,Need State 5,905097.75
330,2022,15,2022-04-11,Need State 1,197555.25
331,2022,15,2022-04-11,Need State 2,323847.75
332,2022,15,2022-04-11,Need State 3,228345.0
333,2022,15,2022-04-11,Need State 4,290613.75
334,2022,15,2022-04-11,Need State 5,446220.75
335,2022,16,2022-04-18,Need State 1,745246.5
336,2022,16,2022-04-18,Need State 2,354027.75
337,2022,16,2022-04-18,Need State 3,289380.75
338,2022,16,2022-04-18,Need State 4,286107.75
339,2022,16,2022-04-18,Need State 5,640003.5
340,2022,17,2022-04-25,Need State 1,746291.25
341,2022,17,2022-04-25,Need State 2,422487.0
342,2022,17,2022-04-25,Need State 3,589102.5
343,2022,17,2022-04-25,Need State 4,458959.5
344,2022,17,2022-04-25,Need State 5,239607.0
345,2022,18,2022-05-02,Need State 1,1124841.0
346,2022,18,2022-05-02,Need State 2,383335.5
347,2022,18,2022-05-02,Need State 3,461808.0
348,2022,18,2022-05-02,Need State 4,440440.5
349,2022,18,2022-05-02,Need State 5,1422577.5
350,2022,19,2022-05-09,Need State 1,825480.0
351,2022,19,2022-05-09,Need State 2,557058.0
352,2022,19,2022-05-09,Need State 3,448005.0
353,2022,19,2022-05-09,Need State 4,570684.0
354,2022,19,2022-05-09,Need State 5,884607.75
355,2022,20,2022-05-16,Need State 1,786371.25
356,2022,20,2022-05-16,Need State 2,364514.25
357,2022,20,2022-05-16,Need State 3,218375.25
358,2022,20,2022-05-16,Need State 4,354081.0
359,2022,20,2022-05-16,Need State 5,1185709.5
360,2022,21,2022-05-23,Need State 1,1481271.75
361,2022,21,2022-05-23,Need State 2,475058.25
362,2022,21,2022-05-23,Need State 3,405483.0
363,2022,21,2022-05-23,Need State 4,330423.75
364,2022,21,2022-05-23,Need State 5,634808.25
365,2022,22,2022-05-30,Need State 1,578701.5
366,2022,22,2022-05-30,Need State 2,253146.0
367,2022,22,2022-05-30,Need State 3,279737.25
368,2022,22,2022-05-30,Need State 4,280140.0
369,2022,22,2022-05-30,Need State 5,344255.25
370,2022,23,2022-06-06,Need State 1,464439.0
371,2022,23,2022-06-06,Need State 2,544197.0
372,2022,23,2022-06-06,Need State 3,425300.25
373,2022,23,2022-06-06,Need State 4,336489.75
374,2022,23,2022-06-06,Need State 5,304602.75
375,2022,24,2022-06-13,Need State 1,240153.75
376,2022,24,2022-06-13,Need State 2,559325.25
377,2022,24,2022-06-13,Need State 3,427752.75
378,2022,24,2022-06-13,Need State 4,447780.75
379,2022,24,2022-06-13,Need State 5,627080.25
380,2022,25,2022-06-20,Need State 1,793471.5
381,2022,25,2022-06-20,Need State 2,355576.5
382,2022,25,2022-06-20,Need State 3,941070.0
383,2022,25,2022-06-20,Need State 4,539620.5
384,2022,25,2022-06-20,Need State 5,517377.0
385,2022,26,2022-06-27,Need State 1,423244.5
386,2022,26,2022-06-27,Need State 2,256360.5
387,2022,26,2022-06-27,Need State 3,269085.75
388,2022,26,2022-06-27,Need State 4,317520.75
389,2022,26,2022-06-27,Need State 5,284659.5
390,2022,27,2022-07-04,Need State 1,681434.25
391,2022,27,2022-07-04,Need State 2,259917.0
392,2022,27,2022-07-04,Need State 3,302958.75
393,2022,27,2022-07-04,Need State 4,279173.25
394,2022,27,2022-07-04,Need State 5,425949.75
395,2022,28,2022-07-11,Need State 1,765796.5
396,2022,28,2022-07-11,Need State 2,456874.5
397,2022,28,2022-07-11,Need State 3,331095.0
398,2022,28,2022-07-11,Need State 4,456045.0
399,2022,28,2022-07-11,Need State 5,811161.0
400,2022,29,2022-07-18,Need State 1,752730.75
401,2022,29,2022-07-18,Need State 2,433179.75
402,2022,29,2022-07-18,Need State 3,562457.25
403,2022,29,2022-07-18,Need State 4,697983.0
404,2022,29,2022-07-18,Need State 5,569270.25
405,2022,30,2022-07-25,Need State 1,1059818.25
406,2022,30,2022-07-25,Need State 2,574308.0
407,2022,30,2022-07-25,Need State 3,895302.0
408,2022,30,2022-07-25,Need State 4,476877.75
409,2022,30,2022-07-25,Need State 5,778722.75
410,2022,31,2022-08-01,Need State 1,398173.5
411,2022,31,2022-08-01,Need State 2,249181.5
412,2022,31,2022-08-01,Need State 3,541816.5
413,2022,31,2022-08-01,Need State 4,212052.0
414,2022,31,2022-08-01,Need State 5,566001.75
415,2022,32,2022-08-08,Need State 1,470028.75
416,2022,32,2022-08-08,Need State 2,281360.25
417,2022,32,2022-08-08,Need State 3,387649.5
418,2022,32,2022-08-08,Need State 4,294522.0
419,2022,32,2022-08-08,Need State 5,911864.25
420,2022,33,2022-08-15,Need State 1,323103.75
421,2022,33,2022-08-15,Need State 2,335745.0
422,2022,33,2022-08-15,Need State 3,340545.0
423,2022,33,2022-08-15,Need State 4,682317.75
424,2022,33,2022-08-15,Need State 5,611402.25
425,2022,34,2022-08-22,Need State 1,296668.5
426,2022,34,2022-08-22,Need State 2,584072.25
427,2022,34,2022-08-22,Need State 3,284383.5
428,2022,34,2022-08-22,Need State 4,434454.75
429,2022,34,2022-08-22,Need State 5,521358.0
430,2022,35,2022-08-29,Need State 1,252782.25
431,2022,35,2022-08-29,Need State 2,583513.5
432,2022,35,2022-08-29,Need State 3,189370.5
433,2022,35,2022-08-29,Need State 4,314837.25
434,2022,35,2022-08-29,Need State 5,950898.75
435,2022,36,2022-09-05,Need State 1,507331.5
436,2022,36,2022-09-05,Need State 2,289881.0
437,2022,36,2022-09-05,Need State 3,194817.0
438,2022,36,2022-09-05,Need State 4,426658.5
439,2022,36,2022-09-05,Need State 5,428981.25
440,2022,37,2022-09-12,Need State 1,430035.75
441,2022,37,2022-09-12,Need State 2,775083.75
442,2022,37,2022-09-12,Need State 3,459683.25
443,2022,37,2022-09-12,Need State 4,720237.0
444,2022,37,2022-09-12,Need State 5,437718.75
445,2022,38,2022-09-19,Need State 1,226007.25
446,2022,38,2022-09-19,Need State 2,727547.25
447,2022,38,2022-09-19,Need State 3,510553.5
448,2022,38,2022-09-19,Need State 4,469861.5
449,2022,38,2022-09-19,Need State 5,357991.5
450,2022,39,2022-09-26,Need State 1,903702.75
451,2022,39,2022-09-26,Need State 2,363558.75
452,2022,39,2022-09-26,Need State 3,348709.5
453,2022,39,2022-09-26,Need State 4,372435.75
454,2022,39,2022-09-26,Need State 5,539021.25
455,2022,40,2022-10-03,Need State 1,404039.25
456,2022,40,2022-10-03,Need State 2,474627.0
457,2022,40,2022-10-03,Need State 3,311898.75
458,2022,40,2022-10-03,Need State 4,494211.0
459,2022,40,2022-10-03,Need State 5,768370.5
460,2022,41,2022-10-10,Need State 1,467307.75
461,2022,41,2022-10-10,Need State 2,136749.0
462,2022,41,2022-10-10,Need State 3,84457.5
463,2022,41,2022-10-10,Need State 4,333120.75
464,2022,41,2022-10-10,Need State 5,294296.25
465,2022,42,2022-10-17,Need State 1,355674.75
466,2022,42,2022-10-17,Need State 2,534037.5
467,2022,42,2022-10-17,Need State 3,243857.25
468,2022,42,2022-10-17,Need State 4,677653.5
469,2022,42,2022-10-17,Need State 5,437852.25
470,2022,43,2022-10-24,Need State 1,464072.25
471,2022,43,2022-10-24,Need State 2,464114.25
472,2022,43,2022-10-24,Need State 3,268193.25
473,2022,43,2022-10-24,Need State 4,450099.0
474,2022,43,2022-10-24,Need State 5,231427.5
475,2022,44,2022-10-31,Need State 1,584742.0
476,2022,44,2022-10-31,Need State 2,403141.5
477,2022,44,2022-10-31,Need State 3,359943.75
478,2022,44,2022-10-31,Need State 4,432845.25
479,2022,44,2022-10-31,Need State 5,263952.0
480,2022,45,2022-11-07,Need State 1,341031.0
481,2022,45,2022-11-07,Need State 2,412296.0
482,2022,45,2022-11-07,Need State 3,291117.0
483,2022,45,2022-11-07,Need State 4,504084.75
484,2022,45,2022-11-07,Need State 5,631227.0
485,2022,46,2022-11-14,Need State 1,290879.25
486,2022,46,2022-11-14,Need State 2,294026.25
487,2022,46,2022-11-14,Need State 3,290472.0
488,2022,46,2022-11-14,Need State 4,328572.0
489,2022,46,2022-11-14,Need State 5,1653645.0
490,2022,47,2022-11-21,Need State 1,404397.75
491,2022,47,2022-11-21,Need State 2,588874.5
492,2022,47,2022-11-21,Need State 3,387636.75
493,2022,47,2022-11-21,Need State 4,643941.0
494,2022,47,2022-11-21,Need State 5,518326.5
495,2022,48,2022-11-28,Need State 1,1144957.5
496,2022,48,2022-11-28,Need State 2,532884.0
497,2022,48,2022-11-28,Need State 3,322858.5
498,2022,48,2022-11-28,Need State 4,470153.25
499,2022,48,2022-11-28,Need State 5,833511.75
500,2022,49,2022-12-05,Need State 1,316549.5
501,2022,49,2022-12-05,Need State 2,336580.5
502,2022,49,2022-12-05,Need State 3,404150.25
503,2022,49,2022-12-05,Need State 4,252555.0
504,2022,49,2022-12-05,Need State 5,567624.75
505,2022,50,2022-12-12,Need State 1,228326.25
506,2022,50,2022-12-12,Need State 2,530332.5
507,2022,50,2022-12-12,Need State 3,397554.75
508,2022,50,2022-12-12,Need State 4,507743.25
509,2022,50,2022-12-12,Need State 5,207589.5
510,2022,51,2022-12-19,Need State 1,221402.25
511,2022,51,2022-12-19,Need State 2,455372.25
512,2022,51,2022-12-19,Need State 3,354156.75
513,2022,51,2022-12-19,Need State 4,481603.5
514,2022,51,2022-12-19,Need State 5,279925.5
515,2022,52,2022-12-26,Need State 1,145563.75
516,2022,52,2022-12-26,Need State 2,525502.5
517,2022,52,2022-12-26,Need State 3,371010.75
518,2022,52,2022-12-26,Need State 4,347997.0
519,2022,52,2022-12-26,Need State 5,105966.0
520,2023,1,2023-01-02,Need State 1,230725.5
521,2023,1,2023-01-02,Need State 2,355815.0
522,2023,1,2023-01-02,Need State 3,323960.25
523,2023,1,2023-01-02,Need State 4,317171.25
524,2023,1,2023-01-02,Need State 5,212403.0
525,2023,2,2023-01-09,Need State 1,402216.75
526,2023,2,2023-01-09,Need State 2,304145.25
527,2023,2,2023-01-09,Need State 3,309346.5
528,2023,2,2023-01-09,Need State 4,275616.0
529,2023,2,2023-01-09,Need State 5,591490.5
530,2023,3,2023-01-16,Need State 1,227010.0
531,2023,3,2023-01-16,Need State 2,332245.5
532,2023,3,2023-01-16,Need State 3,340034.25
533,2023,3,2023-01-16,Need State 4,759098.25
534,2023,3,2023-01-16,Need State 5,509800.5
535,2023,4,2023-01-23,Need State 1,660403.5
536,2023,4,2023-01-23,Need State 2,718207.5
537,2023,4,2023-01-23,Need State 3,435669.0
538,2023,4,2023-01-23,Need State 4,354993.0
539,2023,4,2023-01-23,Need State 5,457559.25
540,2023,5,2023-01-30,Need State 1,216312.75
541,2023,5,2023-01-30,Need State 2,282531.75
542,2023,5,2023-01-30,Need State 3,320430.75
543,2023,5,2023-01-30,Need State 4,405148.5
544,2023,5,2023-01-30,Need State 5,512340.75
545,2023,6,2023-02-06,Need State 1,470031.75
546,2023,6,2023-02-06,Need State 2,447660.75
547,2023,6,2023-02-06,Need State 3,511701.0
548,2023,6,2023-02-06,Need State 4,499875.0
549,2023,6,2023-02-06,Need State 5,317072.25
550,2023,7,2023-02-13,Need State 1,970320.75
551,2023,7,2023-02-13,Need State 2,524059.5
552,2023,7,2023-02-13,Need State 3,313763.25
553,2023,7,2023-02-13,Need State 4,417354.75
554,2023,7,2023-02-13,Need State 5,247135.5
555,2023,8,2023-02-20,Need State 1,675896.25
556,2023,8,2023-02-20,Need State 2,273267.75
557,2023,8,2023-02-20,Need State 3,193104.75
558,2023,8,2023-02-20,Need State 4,266517.75
559,2023,8,2023-02-20,Need State 5,277707.0
560,2023,9,2023-02-27,Need State 1,490109.25
561,2023,9,2023-02-27,Need State 2,261685.5
562,2023,9,2023-02-27,Need State 3,145835.25
563,2023,9,2023-02-27,Need State 4,347949.75
564,2023,9,2023-02-27,Need State 5,1066735.5
565,2023,10,2023-03-06,Need State 1,491008.5
566,2023,10,2023-03-06,Need State 2,592058.25
567,2023,10,2023-03-06,Need State 3,138671.25
568,2023,10,2023-03-06,Need State 4,399438.0
569,2023,10,2023-03-06,Need State 5,1108142.25
570,2023,11,2023-03-13,Need State 1,308736.0
571,2023,11,2023-03-13,Need State 2,129294.0
572,2023,11,2023-03-13,Need State 3,163649.25
573,2023,11,2023-03-13,Need State 4,335752.5
574,2023,11,2023-03-13,Need State 5,547003.5
575,2023,12,2023-03-20,Need State 1,1049037.75
576,2023,12,2023-03-20,Need State 2,621302.25
577,2023,12,2023-03-20,Need State 3,218181.75
578,2023,12,2023-03-20,Need State 4,453015.75
579,2023,12,2023-03-20,Need State 5,791797.5
580,2023,13,2023-03-27,Need State 1,645898.5
581,2023,13,2023-03-27,Need State 2,514803.0
582,2023,13,2023-03-27,Need State 3,385325.25
583,2023,13,2023-03-27,Need State 4,466305.0
584,2023,13,2023-03-27,Need State 5,700515.75
585,2023,14,2023-04-03,Need State 1,1002380.25
586,2023,14,2023-04-03,Need State 2,257869.5
587,2023,14,2023-04-03,Need State 3,194237.25
588,2023,14,2023-04-03,Need State 4,285252.75
589,2023,14,2023-04-03,Need State 5,162457.5
590,2023,15,2023-04-10,Need State 1,1767828.75
591,2023,15,2023-04-10,Need State 2,517135.5
592,2023,15,2023-04-10,Need State 3,359034.0
593,2023,15,2023-04-10,Need State 4,421256.25
594,2023,15,2023-04-10,Need State 5,1151739.0
595,2023,16,2023-04-17,Need State 1,176432.25
596,2023,16,2023-04-17,Need State 2,394596.0
597,2023,16,2023-04-17,Need State 3,336595.5
598,2023,16,2023-04-17,Need State 4,367767.75
599,2023,16,2023-04-17,Need State 5,840242.25
600,2023,17,2023-04-24,Need State 1,269017.5
601,2023,17,2023-04-24,Need State 2,289171.5
602,2023,17,2023-04-24,Need State 3,483687.0
603,2023,17,2023-04-24,Need State 4,368679.75
604,2023,17,2023-04-24,Need State 5,787181.25
605,2023,18,2023-05-01,Need State 1,206453.25
606,2023,18,2023-05-01,Need State 2,416315.25
607,2023,18,2023-05-01,Need State 3,472200.0
608,2023,18,2023-05-01,Need State 4,413159.25
609,2023,18,2023-05-01,Need State 5,351789.0
610,2023,19,2023-05-08,Need State 1,390882.75
611,2023,19,2023-05-08,Need State 2,464193.0
612,2023,19,2023-05-08,Need State 3,327549.75
613,2023,19,2023-05-08,Need State 4,458248.5
614,2023,19,2023-05-08,Need State 5,481986.75
615,2023,20,2023-05-15,Need State 1,1487977.5
616,2023,20,2023-05-15,Need State 2,375784.5
617,2023,20,2023-05-15,Need State 3,217059.75
618,2023,20,2023-05-15,Need State 4,291272.25
619,2023,20,2023-05-15,Need State 5,203718.0
620,2023,21,2023-05-22,Need State 1,698655.75
621,2023,21,2023-05-22,Need State 2,361045.5
622,2023,21,2023-05-22,Need State 3,276441.0
623,2023,21,2023-05-22,Need State 4,364135.5
624,2023,21,2023-05-22,Need State 5,638432.25
625,2023,22,2023-05-29,Need State 1,746046.75
626,2023,22,2023-05-29,Need State 2,437103.0
627,2023,22,2023-05-29,Need State 3,278223.75
628,2023,22,2023-05-29,Need State 4,386433.75
629,2023,22,2023-05-29,Need State 5,306576.0
630,2023,23,2023-06-05,Need State 1,999733.5
631,2023,23,2023-06-05,Need State 2,400559.25
632,2023,23,2023-06-05,Need State 3,216627.75
633,2023,23,2023-06-05,Need State 4,553309.5
634,2023,23,2023-06-05,Need State 5,325687.5
635,2023,24,2023-06-12,Need State 1,531712.5
636,2023,24,2023-06-12,Need State 2,248578.5
637,2023,24,2023-06-12,Need State 3,244434.0
638,2023,24,2023-06-12,Need State 4,288504.0
639,2023,24,2023-06-12,Need State 5,1348201.5
640,2023,25,2023-06-19,Need State 1,377751.0
641,2023,25,2023-06-19,Need State 2,384285.75
642,2023,25,2023-06-19,Need State 3,635149.5
643,2023,25,2023-06-19,Need State 4,423143.25
644,2023,25,2023-06-19,Need State 5,562329.75
645,2023,26,2023-06-26,Need State 1,250761.0
646,2023,26,2023-06-26,Need State 2,396233.25
647,2023,26,2023-06-26,Need State 3,495052.5
648,2023,26,2023-06-26,Need State 4,365324.25
649,2023,26,2023-06-26,Need State 5,355639.5
650,2023,27,2023-07-03,Need State 1,1204352.25
651,2023,27,2023-07-03,Need State 2,282381.0
652,2023,27,2023-07-03,Need State 3,298498.5
653,2023,27,2023-07-03,Need State 4,278976.0
654,2023,27,2023-07-03,Need State 5,588289.5
655,2023,28,2023-07-10,Need State 1,367971.0
656,2023,28,2023-07-10,Need State 2,472785.0
657,2023,28,2023-07-10,Need State 3,344888.25
658,2023,28,2023-07-10,Need State 4,452683.5
659,2023,28,2023-07-10,Need State 5,571829.25
660,2023,29,2023-07-17,Need State 1,868491.75
661,2023,29,2023-07-17,Need State 2,386856.75
662,2023,29,2023-07-17,Need State 3,351816.75
663,2023,29,2023-07-17,Need State 4,458682.0
664,2023,29,2023-07-17,Need State 5,613476.75
665,2023,30,2023-07-24,Need State 1,770667.0
666,2023,30,2023-07-24,Need State 2,602944.5
667,2023,30,2023-07-24,Need State 3,543558.0
668,2023,30,2023-07-24,Need State 4,445416.75
669,2023,30,2023-07-24,Need State 5,547067.25
670,2023,31,2023-07-31,Need State 1,557550.75
671,2023,31,2023-07-31,Need State 2,392298.75
672,2023,31,2023-07-31,Need State 3,406000.5
673,2023,31,2023-07-31,Need State 4,556152.75
674,2023,31,2023-07-31,Need State 5,360810.0
675,2023,32,2023-08-07,Need State 1,483608.25
676,2023,32,2023-08-07,Need State 2,282449.25
677,2023,32,2023-08-07,Need State 3,215514.0
678,2023,32,2023-08-07,Need State 4,289188.75
679,2023,32,2023-08-07,Need State 5,714004.5
680,2023,33,2023-08-14,Need State 1,433434.0
681,2023,33,2023-08-14,Need State 2,259446.75
682,2023,33,2023-08-14,Need State 3,217524.75
683,2023,33,2023-08-14,Need State 4,464343.0
684,2023,33,2023-08-14,Need State 5,1046736.0
685,2023,34,2023-08-21,Need State 1,724118.25
686,2023,34,2023-08-21,Need State 2,877786.5
687,2023,34,2023-08-21,Need State 3,512045.25
688,2023,34,2023-08-21,Need State 4,644532.75
689,2023,34,2023-08-21,Need State 5,532166.25
690,2023,35,2023-08-28,Need State 1,330154.5
691,2023,35,2023-08-28,Need State 2,535204.5
692,2023,35,2023-08-28,Need State 3,385449.0
693,2023,35,2023-08-28,Need State 4,552603.0
694,2023,35,2023-08-28,Need State 5,351393.0
695,2023,36,2023-09-04,Need State 1,348156.75
696,2023,36,2023-09-04,Need State 2,529875.75
697,2023,36,2023-09-04,Need State 3,249826.5
698,2023,36,2023-09-04,Need State 4,212412.75
699,2023,36,2023-09-04,Need State 5,491935.5
700,2023,37,2023-09-11,Need State 1,310632.0
701,2023,37,2023-09-11,Need State 2,622177.5
702,2023,37,2023-09-11,Need State 3,530941.5
703,2023,37,2023-09-11,Need State 4,438662.25
704,2023,37,2023-09-11,Need State 5,586676.25
705,2023,38,2023-09-18,Need State 1,456982.5
706,2023,38,2023-09-18,Need State 2,570400.5
707,2023,38,2023-09-18,Need State 3,355029.0
708,2023,38,2023-09-18,Need State 4,432406.5
709,2023,38,2023-09-18,Need State 5,492169.5
710,2023,39,2023-09-25,Need State 1,436667.25
711,2023,39,2023-09-25,Need State 2,373893.75
712,2023,39,2023-09-25,Need State 3,199078.5
713,2023,39,2023-09-25,Need State 4,460226.25
714,2023,39,2023-09-25,Need State 5,642145.5
715,2023,40,2023-10-02,Need State 1,356974.5
716,2023,40,2023-10-02,Need State 2,296038.5
717,2023,40,2023-10-02,Need State 3,301844.25
718,2023,40,2023-10-02,Need State 4,359041.5
719,2023,40,2023-10-02,Need State 5,628323.75
720,2023,41,2023-10-09,Need State 1,550887.0
721,2023,41,2023-10-09,Need State 2,221686.5
722,2023,41,2023-10-09,Need State 3,121078.5
723,2023,41,2023-10-09,Need State 4,240855.75
724,2023,41,2023-10-09,Need State 5,600489.0
725,2023,42,2023-10-16,Need State 1,905002.5
726,2023,42,2023-10-16,Need State 2,523613.25
727,2023,42,2023-10-16,Need State 3,377325.75
728,2023,42,2023-10-16,Need State 4,529374.75
729,2023,42,2023-10-16,Need State 5,1061086.5
730,2023,43,2023-10-23,Need State 1,196313.25
731,2023,43,2023-10-23,Need State 2,17168.25
732,2023,43,2023-10-23,Need State 3,19847.25
733,2023,43,2023-10-23,Need State 4,22635.0
734,2023,43,2023-10-23,Need State 5,73047.0
