,Year,Week,Date,Need States,Trade Spend
0,2021,1,2021-01-04,Need State 1,5552
1,2021,1,2021-01-04,Need State 2,14264
2,2021,1,2021-01-04,Need State 3,1563
3,2021,1,2021-01-04,Need State 4,18716
4,2021,1,2021-01-04,Need State 5,5075
5,2021,2,2021-01-11,Need State 1,18939
6,2021,2,2021-01-11,Need State 2,12329
7,2021,2,2021-01-11,Need State 3,8658
8,2021,2,2021-01-11,Need State 4,8069
9,2021,2,2021-01-11,Need State 5,11307
10,2021,3,2021-01-18,Need State 1,11346
11,2021,3,2021-01-18,Need State 2,6351
12,2021,3,2021-01-18,Need State 3,4032
13,2021,3,2021-01-18,Need State 4,3128
14,2021,3,2021-01-18,Need State 5,6585
15,2021,4,2021-01-25,Need State 1,4801
16,2021,4,2021-01-25,Need State 2,14715
17,2021,4,2021-01-25,Need State 3,13935
18,2021,4,2021-01-25,Need State 4,9324
19,2021,4,2021-01-25,Need State 5,6835
20,2021,5,2021-02-01,Need State 1,17470
21,2021,5,2021-02-01,Need State 2,16092
22,2021,5,2021-02-01,Need State 3,13601
23,2021,5,2021-02-01,Need State 4,5460
24,2021,5,2021-02-01,Need State 5,11902
25,2021,6,2021-02-08,Need State 1,17691
26,2021,6,2021-02-08,Need State 2,14668
27,2021,6,2021-02-08,Need State 3,4685
28,2021,6,2021-02-08,Need State 4,11836
29,2021,6,2021-02-08,Need State 5,11129
30,2021,7,2021-02-15,Need State 1,14269
31,2021,7,2021-02-15,Need State 2,13585
32,2021,7,2021-02-15,Need State 3,7471
33,2021,7,2021-02-15,Need State 4,16856
34,2021,7,2021-02-15,Need State 5,1892
35,2021,8,2021-02-22,Need State 1,9444
36,2021,8,2021-02-22,Need State 2,3618
37,2021,8,2021-02-22,Need State 3,10188
38,2021,8,2021-02-22,Need State 4,2027
39,2021,8,2021-02-22,Need State 5,9102
40,2021,9,2021-03-01,Need State 1,18934
41,2021,9,2021-03-01,Need State 2,8769
42,2021,9,2021-03-01,Need State 3,12082
43,2021,9,2021-03-01,Need State 4,10457
44,2021,9,2021-03-01,Need State 5,3859
45,2021,10,2021-03-08,Need State 1,2801
46,2021,10,2021-03-08,Need State 2,3207
47,2021,10,2021-03-08,Need State 3,18363
48,2021,10,2021-03-08,Need State 4,6693
49,2021,10,2021-03-08,Need State 5,17165
50,2021,11,2021-03-15,Need State 1,19615
51,2021,11,2021-03-15,Need State 2,14429
52,2021,11,2021-03-15,Need State 3,14061
53,2021,11,2021-03-15,Need State 4,12707
54,2021,11,2021-03-15,Need State 5,12794
55,2021,12,2021-03-22,Need State 1,16911
56,2021,12,2021-03-22,Need State 2,14734
57,2021,12,2021-03-22,Need State 3,1112
58,2021,12,2021-03-22,Need State 4,11113
59,2021,12,2021-03-22,Need State 5,11245
60,2021,13,2021-03-29,Need State 1,18526
61,2021,13,2021-03-29,Need State 2,12858
62,2021,13,2021-03-29,Need State 3,8896
63,2021,13,2021-03-29,Need State 4,19987
64,2021,13,2021-03-29,Need State 5,11247
65,2021,14,2021-04-05,Need State 1,14089
66,2021,14,2021-04-05,Need State 2,2154
67,2021,14,2021-04-05,Need State 3,8948
68,2021,14,2021-04-05,Need State 4,12160
69,2021,14,2021-04-05,Need State 5,3154
70,2021,15,2021-04-12,Need State 1,15228
71,2021,15,2021-04-12,Need State 2,6502
72,2021,15,2021-04-12,Need State 3,754
73,2021,15,2021-04-12,Need State 4,3649
74,2021,15,2021-04-12,Need State 5,6693
75,2021,16,2021-04-19,Need State 1,4908
76,2021,16,2021-04-19,Need State 2,18712
77,2021,16,2021-04-19,Need State 3,12105
78,2021,16,2021-04-19,Need State 4,17704
79,2021,16,2021-04-19,Need State 5,14309
80,2021,17,2021-04-26,Need State 1,4569
81,2021,17,2021-04-26,Need State 2,17405
82,2021,17,2021-04-26,Need State 3,14193
83,2021,17,2021-04-26,Need State 4,9250
84,2021,17,2021-04-26,Need State 5,1355
85,2021,18,2021-05-03,Need State 1,18710
86,2021,18,2021-05-03,Need State 2,18213
87,2021,18,2021-05-03,Need State 3,3326
88,2021,18,2021-05-03,Need State 4,7357
89,2021,18,2021-05-03,Need State 5,7916
90,2021,19,2021-05-10,Need State 1,14480
91,2021,19,2021-05-10,Need State 2,6551
92,2021,19,2021-05-10,Need State 3,3272
93,2021,19,2021-05-10,Need State 4,19032
94,2021,19,2021-05-10,Need State 5,8035
95,2021,20,2021-05-17,Need State 1,2993
96,2021,20,2021-05-17,Need State 2,15869
97,2021,20,2021-05-17,Need State 3,15571
98,2021,20,2021-05-17,Need State 4,1948
99,2021,20,2021-05-17,Need State 5,7551
100,2021,21,2021-05-24,Need State 1,828
101,2021,21,2021-05-24,Need State 2,18754
102,2021,21,2021-05-24,Need State 3,18291
103,2021,21,2021-05-24,Need State 4,1532
104,2021,21,2021-05-24,Need State 5,12636
105,2021,22,2021-05-31,Need State 1,946
106,2021,22,2021-05-31,Need State 2,4772
107,2021,22,2021-05-31,Need State 3,7719
108,2021,22,2021-05-31,Need State 4,715
109,2021,22,2021-05-31,Need State 5,12621
110,2021,23,2021-06-07,Need State 1,17402
111,2021,23,2021-06-07,Need State 2,10817
112,2021,23,2021-06-07,Need State 3,16464
113,2021,23,2021-06-07,Need State 4,4947
114,2021,23,2021-06-07,Need State 5,3048
115,2021,24,2021-06-14,Need State 1,3641
116,2021,24,2021-06-14,Need State 2,15620
117,2021,24,2021-06-14,Need State 3,6705
118,2021,24,2021-06-14,Need State 4,17088
119,2021,24,2021-06-14,Need State 5,10332
120,2021,25,2021-06-21,Need State 1,18118
121,2021,25,2021-06-21,Need State 2,4547
122,2021,25,2021-06-21,Need State 3,7282
123,2021,25,2021-06-21,Need State 4,13623
124,2021,25,2021-06-21,Need State 5,18355
125,2021,26,2021-06-28,Need State 1,17749
126,2021,26,2021-06-28,Need State 2,10039
127,2021,26,2021-06-28,Need State 3,12591
128,2021,26,2021-06-28,Need State 4,16237
129,2021,26,2021-06-28,Need State 5,18961
130,2021,27,2021-07-05,Need State 1,14498
131,2021,27,2021-07-05,Need State 2,5031
132,2021,27,2021-07-05,Need State 3,18929
133,2021,27,2021-07-05,Need State 4,15778
134,2021,27,2021-07-05,Need State 5,2200
135,2021,28,2021-07-12,Need State 1,17004
136,2021,28,2021-07-12,Need State 2,8468
137,2021,28,2021-07-12,Need State 3,14973
138,2021,28,2021-07-12,Need State 4,10276
139,2021,28,2021-07-12,Need State 5,3489
140,2021,29,2021-07-19,Need State 1,12332
141,2021,29,2021-07-19,Need State 2,7350
142,2021,29,2021-07-19,Need State 3,10813
143,2021,29,2021-07-19,Need State 4,9946
144,2021,29,2021-07-19,Need State 5,6787
145,2021,30,2021-07-26,Need State 1,1177
146,2021,30,2021-07-26,Need State 2,9963
147,2021,30,2021-07-26,Need State 3,11544
148,2021,30,2021-07-26,Need State 4,3721
149,2021,30,2021-07-26,Need State 5,2717
150,2021,31,2021-08-02,Need State 1,8009
151,2021,31,2021-08-02,Need State 2,8420
152,2021,31,2021-08-02,Need State 3,18165
153,2021,31,2021-08-02,Need State 4,1185
154,2021,31,2021-08-02,Need State 5,18523
155,2021,32,2021-08-09,Need State 1,1338
156,2021,32,2021-08-09,Need State 2,19872
157,2021,32,2021-08-09,Need State 3,1717
158,2021,32,2021-08-09,Need State 4,8645
159,2021,32,2021-08-09,Need State 5,13417
160,2021,33,2021-08-16,Need State 1,2992
161,2021,33,2021-08-16,Need State 2,6964
162,2021,33,2021-08-16,Need State 3,650
163,2021,33,2021-08-16,Need State 4,9803
164,2021,33,2021-08-16,Need State 5,19356
165,2021,34,2021-08-23,Need State 1,1455
166,2021,34,2021-08-23,Need State 2,2505
167,2021,34,2021-08-23,Need State 3,11890
168,2021,34,2021-08-23,Need State 4,3351
169,2021,34,2021-08-23,Need State 5,720
170,2021,35,2021-08-30,Need State 1,14141
171,2021,35,2021-08-30,Need State 2,13926
172,2021,35,2021-08-30,Need State 3,5822
173,2021,35,2021-08-30,Need State 4,13078
174,2021,35,2021-08-30,Need State 5,776
175,2021,36,2021-09-06,Need State 1,13292
176,2021,36,2021-09-06,Need State 2,18209
177,2021,36,2021-09-06,Need State 3,14373
178,2021,36,2021-09-06,Need State 4,2968
179,2021,36,2021-09-06,Need State 5,12108
180,2021,37,2021-09-13,Need State 1,16466
181,2021,37,2021-09-13,Need State 2,16815
182,2021,37,2021-09-13,Need State 3,12460
183,2021,37,2021-09-13,Need State 4,1919
184,2021,37,2021-09-13,Need State 5,15017
185,2021,38,2021-09-20,Need State 1,8460
186,2021,38,2021-09-20,Need State 2,5066
187,2021,38,2021-09-20,Need State 3,19828
188,2021,38,2021-09-20,Need State 4,9431
189,2021,38,2021-09-20,Need State 5,2721
190,2021,39,2021-09-27,Need State 1,18974
191,2021,39,2021-09-27,Need State 2,17269
192,2021,39,2021-09-27,Need State 3,13044
193,2021,39,2021-09-27,Need State 4,7162
194,2021,39,2021-09-27,Need State 5,13042
195,2021,40,2021-10-04,Need State 1,19007
196,2021,40,2021-10-04,Need State 2,8489
197,2021,40,2021-10-04,Need State 3,8627
198,2021,40,2021-10-04,Need State 4,12629
199,2021,40,2021-10-04,Need State 5,14031
200,2021,41,2021-10-11,Need State 1,17150
201,2021,41,2021-10-11,Need State 2,16672
202,2021,41,2021-10-11,Need State 3,7379
203,2021,41,2021-10-11,Need State 4,17429
204,2021,41,2021-10-11,Need State 5,11693
205,2021,42,2021-10-18,Need State 1,3371
206,2021,42,2021-10-18,Need State 2,12284
207,2021,42,2021-10-18,Need State 3,2361
208,2021,42,2021-10-18,Need State 4,4494
209,2021,42,2021-10-18,Need State 5,18285
210,2021,43,2021-10-25,Need State 1,13524
211,2021,43,2021-10-25,Need State 2,4953
212,2021,43,2021-10-25,Need State 3,4702
213,2021,43,2021-10-25,Need State 4,1638
214,2021,43,2021-10-25,Need State 5,17886
215,2021,44,2021-11-01,Need State 1,15114
216,2021,44,2021-11-01,Need State 2,11722
217,2021,44,2021-11-01,Need State 3,5628
218,2021,44,2021-11-01,Need State 4,5495
219,2021,44,2021-11-01,Need State 5,14553
220,2021,45,2021-11-08,Need State 1,14545
221,2021,45,2021-11-08,Need State 2,8842
222,2021,45,2021-11-08,Need State 3,19144
223,2021,45,2021-11-08,Need State 4,12420
224,2021,45,2021-11-08,Need State 5,17624
225,2021,46,2021-11-15,Need State 1,5323
226,2021,46,2021-11-15,Need State 2,18401
227,2021,46,2021-11-15,Need State 3,16445
228,2021,46,2021-11-15,Need State 4,10062
229,2021,46,2021-11-15,Need State 5,14623
230,2021,47,2021-11-22,Need State 1,13036
231,2021,47,2021-11-22,Need State 2,1604
232,2021,47,2021-11-22,Need State 3,19954
233,2021,47,2021-11-22,Need State 4,9478
234,2021,47,2021-11-22,Need State 5,3893
235,2021,48,2021-11-29,Need State 1,12585
236,2021,48,2021-11-29,Need State 2,14286
237,2021,48,2021-11-29,Need State 3,16052
238,2021,48,2021-11-29,Need State 4,12208
239,2021,48,2021-11-29,Need State 5,11913
240,2021,49,2021-12-06,Need State 1,19408
241,2021,49,2021-12-06,Need State 2,19020
242,2021,49,2021-12-06,Need State 3,19431
243,2021,49,2021-12-06,Need State 4,14339
244,2021,49,2021-12-06,Need State 5,19453
245,2021,50,2021-12-13,Need State 1,11819
246,2021,50,2021-12-13,Need State 2,17115
247,2021,50,2021-12-13,Need State 3,19793
248,2021,50,2021-12-13,Need State 4,9827
249,2021,50,2021-12-13,Need State 5,15210
250,2021,51,2021-12-20,Need State 1,6800
251,2021,51,2021-12-20,Need State 2,1031
252,2021,51,2021-12-20,Need State 3,1473
253,2021,51,2021-12-20,Need State 4,16978
254,2021,51,2021-12-20,Need State 5,14126
255,2021,52,2021-12-27,Need State 1,7192
256,2021,52,2021-12-27,Need State 2,2114
257,2021,52,2021-12-27,Need State 3,12488
258,2021,52,2021-12-27,Need State 4,1887
259,2021,52,2021-12-27,Need State 5,10954
260,2022,1,2022-01-03,Need State 1,18049
261,2022,1,2022-01-03,Need State 2,11157
262,2022,1,2022-01-03,Need State 3,13539
263,2022,1,2022-01-03,Need State 4,758
264,2022,1,2022-01-03,Need State 5,3316
265,2022,2,2022-01-10,Need State 1,8583
266,2022,2,2022-01-10,Need State 2,4323
267,2022,2,2022-01-10,Need State 3,16226
268,2022,2,2022-01-10,Need State 4,17316
269,2022,2,2022-01-10,Need State 5,13125
270,2022,3,2022-01-17,Need State 1,11338
271,2022,3,2022-01-17,Need State 2,18475
272,2022,3,2022-01-17,Need State 3,17129
273,2022,3,2022-01-17,Need State 4,15519
274,2022,3,2022-01-17,Need State 5,10302
275,2022,4,2022-01-24,Need State 1,6009
276,2022,4,2022-01-24,Need State 2,9048
277,2022,4,2022-01-24,Need State 3,4005
278,2022,4,2022-01-24,Need State 4,931
279,2022,4,2022-01-24,Need State 5,17986
280,2022,5,2022-01-31,Need State 1,13106
281,2022,5,2022-01-31,Need State 2,3315
282,2022,5,2022-01-31,Need State 3,19206
283,2022,5,2022-01-31,Need State 4,15902
284,2022,5,2022-01-31,Need State 5,12486
285,2022,6,2022-02-07,Need State 1,8368
286,2022,6,2022-02-07,Need State 2,7121
287,2022,6,2022-02-07,Need State 3,5812
288,2022,6,2022-02-07,Need State 4,12481
289,2022,6,2022-02-07,Need State 5,8329
290,2022,7,2022-02-14,Need State 1,4021
291,2022,7,2022-02-14,Need State 2,1555
292,2022,7,2022-02-14,Need State 3,7852
293,2022,7,2022-02-14,Need State 4,9229
294,2022,7,2022-02-14,Need State 5,11729
295,2022,8,2022-02-21,Need State 1,18796
296,2022,8,2022-02-21,Need State 2,3035
297,2022,8,2022-02-21,Need State 3,8333
298,2022,8,2022-02-21,Need State 4,1303
299,2022,8,2022-02-21,Need State 5,13458
300,2022,9,2022-02-28,Need State 1,3272
301,2022,9,2022-02-28,Need State 2,8002
302,2022,9,2022-02-28,Need State 3,14691
303,2022,9,2022-02-28,Need State 4,12898
304,2022,9,2022-02-28,Need State 5,15148
305,2022,10,2022-03-07,Need State 1,15398
306,2022,10,2022-03-07,Need State 2,12148
307,2022,10,2022-03-07,Need State 3,15082
308,2022,10,2022-03-07,Need State 4,17196
309,2022,10,2022-03-07,Need State 5,16178
310,2022,11,2022-03-14,Need State 1,1830
311,2022,11,2022-03-14,Need State 2,3184
312,2022,11,2022-03-14,Need State 3,9363
313,2022,11,2022-03-14,Need State 4,11202
314,2022,11,2022-03-14,Need State 5,17272
315,2022,12,2022-03-21,Need State 1,12295
316,2022,12,2022-03-21,Need State 2,12126
317,2022,12,2022-03-21,Need State 3,14989
318,2022,12,2022-03-21,Need State 4,11105
319,2022,12,2022-03-21,Need State 5,14896
320,2022,13,2022-03-28,Need State 1,2568
321,2022,13,2022-03-28,Need State 2,7136
322,2022,13,2022-03-28,Need State 3,10890
323,2022,13,2022-03-28,Need State 4,18139
324,2022,13,2022-03-28,Need State 5,10921
325,2022,14,2022-04-04,Need State 1,10826
326,2022,14,2022-04-04,Need State 2,18642
327,2022,14,2022-04-04,Need State 3,2995
328,2022,14,2022-04-04,Need State 4,16063
329,2022,14,2022-04-04,Need State 5,9879
330,2022,15,2022-04-11,Need State 1,4940
331,2022,15,2022-04-11,Need State 2,15803
332,2022,15,2022-04-11,Need State 3,2866
333,2022,15,2022-04-11,Need State 4,10593
334,2022,15,2022-04-11,Need State 5,12408
335,2022,16,2022-04-18,Need State 1,18962
336,2022,16,2022-04-18,Need State 2,2271
337,2022,16,2022-04-18,Need State 3,3800
338,2022,16,2022-04-18,Need State 4,5221
339,2022,16,2022-04-18,Need State 5,7682
340,2022,17,2022-04-25,Need State 1,19003
341,2022,17,2022-04-25,Need State 2,5349
342,2022,17,2022-04-25,Need State 3,2985
343,2022,17,2022-04-25,Need State 4,12347
344,2022,17,2022-04-25,Need State 5,7132
345,2022,18,2022-05-02,Need State 1,7223
346,2022,18,2022-05-02,Need State 2,12017
347,2022,18,2022-05-02,Need State 3,14287
348,2022,18,2022-05-02,Need State 4,2043
349,2022,18,2022-05-02,Need State 5,12461
350,2022,19,2022-05-09,Need State 1,2256
351,2022,19,2022-05-09,Need State 2,1356
352,2022,19,2022-05-09,Need State 3,18094
353,2022,19,2022-05-09,Need State 4,13485
354,2022,19,2022-05-09,Need State 5,1694
355,2022,20,2022-05-16,Need State 1,18024
356,2022,20,2022-05-16,Need State 2,13937
357,2022,20,2022-05-16,Need State 3,7449
358,2022,20,2022-05-16,Need State 4,7668
359,2022,20,2022-05-16,Need State 5,8731
360,2022,21,2022-05-23,Need State 1,19173
361,2022,21,2022-05-23,Need State 2,3457
362,2022,21,2022-05-23,Need State 3,19300
363,2022,21,2022-05-23,Need State 4,17188
364,2022,21,2022-05-23,Need State 5,10770
365,2022,22,2022-05-30,Need State 1,9073
366,2022,22,2022-05-30,Need State 2,8353
367,2022,22,2022-05-30,Need State 3,11526
368,2022,22,2022-05-30,Need State 4,15154
369,2022,22,2022-05-30,Need State 5,4437
370,2022,23,2022-06-06,Need State 1,7434
371,2022,23,2022-06-06,Need State 2,16855
372,2022,23,2022-06-06,Need State 3,2288
373,2022,23,2022-06-06,Need State 4,17722
374,2022,23,2022-06-06,Need State 5,14580
375,2022,24,2022-06-13,Need State 1,3066
376,2022,24,2022-06-13,Need State 2,3299
377,2022,24,2022-06-13,Need State 3,16099
378,2022,24,2022-06-13,Need State 4,4739
379,2022,24,2022-06-13,Need State 5,11165
380,2022,25,2022-06-20,Need State 1,2577
381,2022,25,2022-06-20,Need State 2,3644
382,2022,25,2022-06-20,Need State 3,6012
383,2022,25,2022-06-20,Need State 4,14012
384,2022,25,2022-06-20,Need State 5,18017
385,2022,26,2022-06-27,Need State 1,11130
386,2022,26,2022-06-27,Need State 2,17096
387,2022,26,2022-06-27,Need State 3,9777
388,2022,26,2022-06-27,Need State 4,10038
389,2022,26,2022-06-27,Need State 5,5432
390,2022,27,2022-07-04,Need State 1,4798
391,2022,27,2022-07-04,Need State 2,17525
392,2022,27,2022-07-04,Need State 3,15788
393,2022,27,2022-07-04,Need State 4,10942
394,2022,27,2022-07-04,Need State 5,3225
395,2022,28,2022-07-11,Need State 1,12298
396,2022,28,2022-07-11,Need State 2,14644
397,2022,28,2022-07-11,Need State 3,5721
398,2022,28,2022-07-11,Need State 4,12651
399,2022,28,2022-07-11,Need State 5,15454
400,2022,29,2022-07-18,Need State 1,19559
401,2022,29,2022-07-18,Need State 2,1492
402,2022,29,2022-07-18,Need State 3,4693
403,2022,29,2022-07-18,Need State 4,10061
404,2022,29,2022-07-18,Need State 5,1761
405,2022,30,2022-07-25,Need State 1,17633
406,2022,30,2022-07-25,Need State 2,7231
407,2022,30,2022-07-25,Need State 3,3063
408,2022,30,2022-07-25,Need State 4,15301
409,2022,30,2022-07-25,Need State 5,15983
410,2022,31,2022-08-01,Need State 1,15301
411,2022,31,2022-08-01,Need State 2,4268
412,2022,31,2022-08-01,Need State 3,12152
413,2022,31,2022-08-01,Need State 4,9584
414,2022,31,2022-08-01,Need State 5,4078
415,2022,32,2022-08-08,Need State 1,5708
416,2022,32,2022-08-08,Need State 2,2142
417,2022,32,2022-08-08,Need State 3,5679
418,2022,32,2022-08-08,Need State 4,13284
419,2022,32,2022-08-08,Need State 5,17524
420,2022,33,2022-08-15,Need State 1,18150
421,2022,33,2022-08-15,Need State 2,5104
422,2022,33,2022-08-15,Need State 3,8701
423,2022,33,2022-08-15,Need State 4,19292
424,2022,33,2022-08-15,Need State 5,15224
425,2022,34,2022-08-22,Need State 1,3409
426,2022,34,2022-08-22,Need State 2,13268
427,2022,34,2022-08-22,Need State 3,10065
428,2022,34,2022-08-22,Need State 4,6946
429,2022,34,2022-08-22,Need State 5,1026
430,2022,35,2022-08-29,Need State 1,6585
431,2022,35,2022-08-29,Need State 2,9230
432,2022,35,2022-08-29,Need State 3,9757
433,2022,35,2022-08-29,Need State 4,9504
434,2022,35,2022-08-29,Need State 5,5918
435,2022,36,2022-09-05,Need State 1,11717
436,2022,36,2022-09-05,Need State 2,5199
437,2022,36,2022-09-05,Need State 3,11544
438,2022,36,2022-09-05,Need State 4,2721
439,2022,36,2022-09-05,Need State 5,15816
440,2022,37,2022-09-12,Need State 1,16301
441,2022,37,2022-09-12,Need State 2,12371
442,2022,37,2022-09-12,Need State 3,8217
443,2022,37,2022-09-12,Need State 4,2752
444,2022,37,2022-09-12,Need State 5,9184
445,2022,38,2022-09-19,Need State 1,6738
446,2022,38,2022-09-19,Need State 2,14704
447,2022,38,2022-09-19,Need State 3,12059
448,2022,38,2022-09-19,Need State 4,9992
449,2022,38,2022-09-19,Need State 5,17348
450,2022,39,2022-09-26,Need State 1,4873
451,2022,39,2022-09-26,Need State 2,2995
452,2022,39,2022-09-26,Need State 3,2290
453,2022,39,2022-09-26,Need State 4,16563
454,2022,39,2022-09-26,Need State 5,13689
455,2022,40,2022-10-03,Need State 1,11952
456,2022,40,2022-10-03,Need State 2,11110
457,2022,40,2022-10-03,Need State 3,6528
458,2022,40,2022-10-03,Need State 4,3329
459,2022,40,2022-10-03,Need State 5,18973
460,2022,41,2022-10-10,Need State 1,2335
461,2022,41,2022-10-10,Need State 2,12424
462,2022,41,2022-10-10,Need State 3,4209
463,2022,41,2022-10-10,Need State 4,2903
464,2022,41,2022-10-10,Need State 5,14558
465,2022,42,2022-10-17,Need State 1,11713
466,2022,42,2022-10-17,Need State 2,19170
467,2022,42,2022-10-17,Need State 3,6940
468,2022,42,2022-10-17,Need State 4,5704
469,2022,42,2022-10-17,Need State 5,17220
470,2022,43,2022-10-24,Need State 1,13447
471,2022,43,2022-10-24,Need State 2,1490
472,2022,43,2022-10-24,Need State 3,10284
473,2022,43,2022-10-24,Need State 4,6185
474,2022,43,2022-10-24,Need State 5,9249
475,2022,44,2022-10-31,Need State 1,10264
476,2022,44,2022-10-31,Need State 2,15699
477,2022,44,2022-10-31,Need State 3,13658
478,2022,44,2022-10-31,Need State 4,16184
479,2022,44,2022-10-31,Need State 5,10895
480,2022,45,2022-11-07,Need State 1,1071
481,2022,45,2022-11-07,Need State 2,10239
482,2022,45,2022-11-07,Need State 3,18586
483,2022,45,2022-11-07,Need State 4,4963
484,2022,45,2022-11-07,Need State 5,10721
485,2022,46,2022-11-14,Need State 1,16525
486,2022,46,2022-11-14,Need State 2,16091
487,2022,46,2022-11-14,Need State 3,16996
488,2022,46,2022-11-14,Need State 4,3730
489,2022,46,2022-11-14,Need State 5,19101
490,2022,47,2022-11-21,Need State 1,15881
491,2022,47,2022-11-21,Need State 2,5556
492,2022,47,2022-11-21,Need State 3,18732
493,2022,47,2022-11-21,Need State 4,5723
494,2022,47,2022-11-21,Need State 5,5314
495,2022,48,2022-11-28,Need State 1,17742
496,2022,48,2022-11-28,Need State 2,8196
497,2022,48,2022-11-28,Need State 3,15679
498,2022,48,2022-11-28,Need State 4,3486
499,2022,48,2022-11-28,Need State 5,9517
500,2022,49,2022-12-05,Need State 1,8183
501,2022,49,2022-12-05,Need State 2,9928
502,2022,49,2022-12-05,Need State 3,18599
503,2022,49,2022-12-05,Need State 4,7460
504,2022,49,2022-12-05,Need State 5,9099
505,2022,50,2022-12-12,Need State 1,6013
506,2022,50,2022-12-12,Need State 2,8168
507,2022,50,2022-12-12,Need State 3,6722
508,2022,50,2022-12-12,Need State 4,18565
509,2022,50,2022-12-12,Need State 5,8852
510,2022,51,2022-12-19,Need State 1,18315
511,2022,51,2022-12-19,Need State 2,15797
512,2022,51,2022-12-19,Need State 3,1525
513,2022,51,2022-12-19,Need State 4,4349
514,2022,51,2022-12-19,Need State 5,15504
515,2022,52,2022-12-26,Need State 1,12841
516,2022,52,2022-12-26,Need State 2,6374
517,2022,52,2022-12-26,Need State 3,18636
518,2022,52,2022-12-26,Need State 4,5033
519,2022,52,2022-12-26,Need State 5,17744
520,2023,1,2023-01-02,Need State 1,5753
521,2023,1,2023-01-02,Need State 2,11864
522,2023,1,2023-01-02,Need State 3,5476
523,2023,1,2023-01-02,Need State 4,12584
524,2023,1,2023-01-02,Need State 5,2225
525,2023,2,2023-01-09,Need State 1,2909
526,2023,2,2023-01-09,Need State 2,8033
527,2023,2,2023-01-09,Need State 3,4680
528,2023,2,2023-01-09,Need State 4,10693
529,2023,2,2023-01-09,Need State 5,16606
530,2023,3,2023-01-16,Need State 1,15668
531,2023,3,2023-01-16,Need State 2,847
532,2023,3,2023-01-16,Need State 3,5202
533,2023,3,2023-01-16,Need State 4,12939
534,2023,3,2023-01-16,Need State 5,19436
535,2023,4,2023-01-23,Need State 1,3775
536,2023,4,2023-01-23,Need State 2,2935
537,2023,4,2023-01-23,Need State 3,10209
538,2023,4,2023-01-23,Need State 4,12465
539,2023,4,2023-01-23,Need State 5,14866
540,2023,5,2023-01-30,Need State 1,14321
541,2023,5,2023-01-30,Need State 2,1554
542,2023,5,2023-01-30,Need State 3,7196
543,2023,5,2023-01-30,Need State 4,9551
544,2023,5,2023-01-30,Need State 5,5160
545,2023,6,2023-02-06,Need State 1,3752
546,2023,6,2023-02-06,Need State 2,3008
547,2023,6,2023-02-06,Need State 3,17276
548,2023,6,2023-02-06,Need State 4,16874
549,2023,6,2023-02-06,Need State 5,11604
550,2023,7,2023-02-13,Need State 1,3968
551,2023,7,2023-02-13,Need State 2,14638
552,2023,7,2023-02-13,Need State 3,7966
553,2023,7,2023-02-13,Need State 4,15719
554,2023,7,2023-02-13,Need State 5,9881
555,2023,8,2023-02-20,Need State 1,2071
556,2023,8,2023-02-20,Need State 2,6183
557,2023,8,2023-02-20,Need State 3,13685
558,2023,8,2023-02-20,Need State 4,2409
559,2023,8,2023-02-20,Need State 5,8878
560,2023,9,2023-02-27,Need State 1,9207
561,2023,9,2023-02-27,Need State 2,8043
562,2023,9,2023-02-27,Need State 3,16806
563,2023,9,2023-02-27,Need State 4,15356
564,2023,9,2023-02-27,Need State 5,1764
565,2023,10,2023-03-06,Need State 1,8276
566,2023,10,2023-03-06,Need State 2,3854
567,2023,10,2023-03-06,Need State 3,5227
568,2023,10,2023-03-06,Need State 4,16018
569,2023,10,2023-03-06,Need State 5,8803
570,2023,11,2023-03-13,Need State 1,4348
571,2023,11,2023-03-13,Need State 2,10779
572,2023,11,2023-03-13,Need State 3,19917
573,2023,11,2023-03-13,Need State 4,4175
574,2023,11,2023-03-13,Need State 5,16816
575,2023,12,2023-03-20,Need State 1,15176
576,2023,12,2023-03-20,Need State 2,19843
577,2023,12,2023-03-20,Need State 3,13690
578,2023,12,2023-03-20,Need State 4,2156
579,2023,12,2023-03-20,Need State 5,7584
580,2023,13,2023-03-27,Need State 1,8510
581,2023,13,2023-03-27,Need State 2,19304
582,2023,13,2023-03-27,Need State 3,19307
583,2023,13,2023-03-27,Need State 4,1097
584,2023,13,2023-03-27,Need State 5,6450
585,2023,14,2023-04-03,Need State 1,15391
586,2023,14,2023-04-03,Need State 2,5337
587,2023,14,2023-04-03,Need State 3,9178
588,2023,14,2023-04-03,Need State 4,16289
589,2023,14,2023-04-03,Need State 5,2378
590,2023,15,2023-04-10,Need State 1,16705
591,2023,15,2023-04-10,Need State 2,7096
592,2023,15,2023-04-10,Need State 3,9614
593,2023,15,2023-04-10,Need State 4,5464
594,2023,15,2023-04-10,Need State 5,14354
595,2023,16,2023-04-17,Need State 1,13521
596,2023,16,2023-04-17,Need State 2,12679
597,2023,16,2023-04-17,Need State 3,16725
598,2023,16,2023-04-17,Need State 4,2623
599,2023,16,2023-04-17,Need State 5,9439
600,2023,17,2023-04-24,Need State 1,15707
601,2023,17,2023-04-24,Need State 2,1855
602,2023,17,2023-04-24,Need State 3,15710
603,2023,17,2023-04-24,Need State 4,3173
604,2023,17,2023-04-24,Need State 5,8923
605,2023,18,2023-05-01,Need State 1,15438
606,2023,18,2023-05-01,Need State 2,5383
607,2023,18,2023-05-01,Need State 3,19529
608,2023,18,2023-05-01,Need State 4,6819
609,2023,18,2023-05-01,Need State 5,1318
610,2023,19,2023-05-08,Need State 1,13488
611,2023,19,2023-05-08,Need State 2,18718
612,2023,19,2023-05-08,Need State 3,13302
613,2023,19,2023-05-08,Need State 4,7647
614,2023,19,2023-05-08,Need State 5,3872
615,2023,20,2023-05-15,Need State 1,15138
616,2023,20,2023-05-15,Need State 2,1998
617,2023,20,2023-05-15,Need State 3,12886
618,2023,20,2023-05-15,Need State 4,8351
619,2023,20,2023-05-15,Need State 5,13898
620,2023,21,2023-05-22,Need State 1,17033
621,2023,21,2023-05-22,Need State 2,9994
622,2023,21,2023-05-22,Need State 3,5937
623,2023,21,2023-05-22,Need State 4,17745
624,2023,21,2023-05-22,Need State 5,13669
625,2023,22,2023-05-29,Need State 1,1639
626,2023,22,2023-05-29,Need State 2,8282
627,2023,22,2023-05-29,Need State 3,9421
628,2023,22,2023-05-29,Need State 4,6231
629,2023,22,2023-05-29,Need State 5,11709
630,2023,23,2023-06-05,Need State 1,6824
631,2023,23,2023-06-05,Need State 2,18878
632,2023,23,2023-06-05,Need State 3,4078
633,2023,23,2023-06-05,Need State 4,6520
634,2023,23,2023-06-05,Need State 5,15664
635,2023,24,2023-06-12,Need State 1,4180
636,2023,24,2023-06-12,Need State 2,6186
637,2023,24,2023-06-12,Need State 3,16016
638,2023,24,2023-06-12,Need State 4,17414
639,2023,24,2023-06-12,Need State 5,18015
640,2023,25,2023-06-19,Need State 1,1768
641,2023,25,2023-06-19,Need State 2,18200
642,2023,25,2023-06-19,Need State 3,18991
643,2023,25,2023-06-19,Need State 4,10627
644,2023,25,2023-06-19,Need State 5,6115
645,2023,26,2023-06-26,Need State 1,4944
646,2023,26,2023-06-26,Need State 2,13853
647,2023,26,2023-06-26,Need State 3,8154
648,2023,26,2023-06-26,Need State 4,8637
649,2023,26,2023-06-26,Need State 5,3126
650,2023,27,2023-07-03,Need State 1,19109
651,2023,27,2023-07-03,Need State 2,18549
652,2023,27,2023-07-03,Need State 3,553
653,2023,27,2023-07-03,Need State 4,17279
654,2023,27,2023-07-03,Need State 5,13896
655,2023,28,2023-07-10,Need State 1,5981
656,2023,28,2023-07-10,Need State 2,934
657,2023,28,2023-07-10,Need State 3,4181
658,2023,28,2023-07-10,Need State 4,13416
659,2023,28,2023-07-10,Need State 5,11442
660,2023,29,2023-07-17,Need State 1,1010
661,2023,29,2023-07-17,Need State 2,15175
662,2023,29,2023-07-17,Need State 3,13121
663,2023,29,2023-07-17,Need State 4,10627
664,2023,29,2023-07-17,Need State 5,9603
665,2023,30,2023-07-24,Need State 1,12629
666,2023,30,2023-07-24,Need State 2,3156
667,2023,30,2023-07-24,Need State 3,19118
668,2023,30,2023-07-24,Need State 4,15498
669,2023,30,2023-07-24,Need State 5,11066
670,2023,31,2023-07-31,Need State 1,3259
671,2023,31,2023-07-31,Need State 2,19389
672,2023,31,2023-07-31,Need State 3,18497
673,2023,31,2023-07-31,Need State 4,17042
674,2023,31,2023-07-31,Need State 5,13210
675,2023,32,2023-08-07,Need State 1,16012
676,2023,32,2023-08-07,Need State 2,7081
677,2023,32,2023-08-07,Need State 3,1857
678,2023,32,2023-08-07,Need State 4,13673
679,2023,32,2023-08-07,Need State 5,17362
680,2023,33,2023-08-14,Need State 1,7969
681,2023,33,2023-08-14,Need State 2,10631
682,2023,33,2023-08-14,Need State 3,5264
683,2023,33,2023-08-14,Need State 4,4987
684,2023,33,2023-08-14,Need State 5,11985
685,2023,34,2023-08-21,Need State 1,12031
686,2023,34,2023-08-21,Need State 2,2287
687,2023,34,2023-08-21,Need State 3,2838
688,2023,34,2023-08-21,Need State 4,5168
689,2023,34,2023-08-21,Need State 5,10136
690,2023,35,2023-08-28,Need State 1,18593
691,2023,35,2023-08-28,Need State 2,9717
692,2023,35,2023-08-28,Need State 3,11765
693,2023,35,2023-08-28,Need State 4,5804
694,2023,35,2023-08-28,Need State 5,9437
695,2023,36,2023-09-04,Need State 1,8849
696,2023,36,2023-09-04,Need State 2,13671
697,2023,36,2023-09-04,Need State 3,7148
698,2023,36,2023-09-04,Need State 4,16060
699,2023,36,2023-09-04,Need State 5,12835
700,2023,37,2023-09-11,Need State 1,13774
701,2023,37,2023-09-11,Need State 2,3165
702,2023,37,2023-09-11,Need State 3,11820
703,2023,37,2023-09-11,Need State 4,7707
704,2023,37,2023-09-11,Need State 5,13570
705,2023,38,2023-09-18,Need State 1,5617
706,2023,38,2023-09-18,Need State 2,13279
707,2023,38,2023-09-18,Need State 3,17354
708,2023,38,2023-09-18,Need State 4,18168
709,2023,38,2023-09-18,Need State 5,4730
710,2023,39,2023-09-25,Need State 1,8446
711,2023,39,2023-09-25,Need State 2,16559
712,2023,39,2023-09-25,Need State 3,18401
713,2023,39,2023-09-25,Need State 4,1454
714,2023,39,2023-09-25,Need State 5,5446
715,2023,40,2023-10-02,Need State 1,19765
716,2023,40,2023-10-02,Need State 2,6808
717,2023,40,2023-10-02,Need State 3,12315
718,2023,40,2023-10-02,Need State 4,7796
719,2023,40,2023-10-02,Need State 5,3452
720,2023,41,2023-10-09,Need State 1,2918
721,2023,41,2023-10-09,Need State 2,2361
722,2023,41,2023-10-09,Need State 3,15546
723,2023,41,2023-10-09,Need State 4,7217
724,2023,41,2023-10-09,Need State 5,9652
725,2023,42,2023-10-16,Need State 1,10743
726,2023,42,2023-10-16,Need State 2,15952
727,2023,42,2023-10-16,Need State 3,3993
728,2023,42,2023-10-16,Need State 4,6707
729,2023,42,2023-10-16,Need State 5,17320
730,2023,43,2023-10-23,Need State 1,7823
731,2023,43,2023-10-23,Need State 2,19451
732,2023,43,2023-10-23,Need State 3,12462
733,2023,43,2023-10-23,Need State 4,1217
734,2023,43,2023-10-23,Need State 5,4638
735,2023,46,2023-11-13,Need State 1,19575
736,2023,46,2023-11-13,Need State 2,14362
737,2023,46,2023-11-13,Need State 3,12145
738,2023,46,2023-11-13,Need State 4,16973
739,2023,46,2023-11-13,Need State 5,575
740,2023,50,2023-12-11,Need State 1,15705
741,2023,50,2023-12-11,Need State 2,4216
742,2023,50,2023-12-11,Need State 3,6644
743,2023,50,2023-12-11,Need State 4,2088
744,2023,50,2023-12-11,Need State 5,538
